fname,summary
test_0,  더슨 씨는 실장님에게 내부 메모로 전달되어야 한다고 말합니다. #Person1# 은 즉시 효력을 발휘하여 모든 사무실 통신에도 적용되는 메시지를 사용해야 합니다.                                
test_1,  까르푸 교통 체증 때문에 오래 걸렸다. #Person1# 은 #Person2# 에게 대중교통을 이용하기 시작하면 더 좋을 것이라고 말한다.                                                
test_2,"  케이트는 #Person1# 에게 마샤와 히어로가 이혼하려고 한다고 말하고, 그들이 잘 어울릴 것이라고 생각했다고 말한다.                                                   "
test_3," #Person1# 은 브라이언에게 춤을 추는 기쁨을 가져달라고 요청하고, #Person2# 는 목걸이가 드레스와 잘 어울리길 바란다.                                             "
test_4, #Person1# 과 #Person2# 는 올림픽 공원에 대해 이야기하고 있습니다.                                                                      
test_5, #Person1# 은 사업 계획서를 작성하고 투자자를 모집하기로 결정했다. #Person2# 는 #Person1# 에게 자신을 위해 일하는 방법을 설명하라고 조언한다.                                            
test_6," #Person2# 는 #Person1# 에게 어지럽고 힘이 없다고 말하고, #Person2# 의 의사를 만날 때까지 확실하지 않다고 생각한다.                                                      "
test_7, #Person1# 은 세탁 서비스를 이용하지 않아서 #Person2# 에게 청구서를 수정하도록 요청합니다.                                                         
test_8,  스티븐이 #Person1# 에게 아내와의 불륜을 발견했다고 말한다. 그는 그녀가 이혼을 재고하도록 설득해 볼 것이다.                                               
test_9, #Person1# 과 #Person2# 는 에이브러햄 링컨에 대해 이야기하고 있습니다.                                                                    
test_10, #Person2# 는 #Person1# 에게 허베이로 여행을 가는 것을 제안한다.                                                                      
test_11, #Person1# 은 #Person2# 에게 생일 파티에 초대합니다. 프란시스는 #Person1# 에게 가장 좋아하는 브랜드의 작은 자동차를 주려고 합니다.                                                 
test_12,  스티븐이 토니에게 부정행위를 하다가 걸렸다고 말했다. #Person1# 은 그를 죽일 것이라고 생각한다.                                                     
test_13, #Person1# 은 톰에게 아홉시 반 기차를 타야 한다고 말한다.                                                                       
test_14," #Person2# 는 #Person1# 에게 #Person2# 의 삶을 조정해달라고 요청합니다. 그들은 젊고 세상에 큰 기여를 할 수 있을 것이라고 말하고, 그의 조언을 받아들이기를 바란다.                               "
test_15," #Person1# 은 루오지아의 파티에 참석하고 싶어합니다. #Person2# 는 #Person1# 에게 그녀의 트위터에서 뉴스를 봤고, 와인잔 한 쌍과 행복한 결혼을 축하하는 카드를 가져갈 것입니다                              "
test_16," #Person1# 은 #Person2# 에게 줄기를 당기는 것을 제안한다. 그들은 #Person1# 의 친구가 될 수 없다고 생각하고, 서둘러 한 번 쏴야 한다.                                              "
test_17, #Person1# 은 마이크와 #Person2# 의 누나에 대해 이야기하고 있다.                                                                       
test_18, #Person2# 는 #Person1# 에게 체온계로 온도를 재는 것을 도와준다.                                                                     
test_19, #Person2# 는 카메라와 MP3 플레이어가 있는 휴대폰을 사고 싶어합니다.                                                               
test_20, #Person1# 은 프랭크에게 새로운 일자리를 얻었다고 말한다. 주디는 그녀의 가족들이 무료로 의료 서비스를 받을 수 있기 때문에 우체국에서 일하고 싶었는지 알게 된다.                              
test_21," #Person2# 는 #Person1# 에게 컴퓨터 프로그램을 작성할 수 있고, 비서 기술에 능숙하다고 말합니다.                                                           "
test_22,  스테이크는 미디엄 레어로 요청했지만 너무 익혀져 있고 질겨서 다른 것을 가져다 줄 것이다.                                                      
test_23, #Person1# 은 톰에게 노벨상을 받았다는 소식을 듣지 못했다고 말한다.                                                                 
test_24, #Person2# 는 #Person1# 에게 #Person2# 의 전공은 자동차 디자인이고 과학 석사 학위를 받았다고 말합니다.                                                         
test_25," #Person2# 는 #Person1# 에게 보통 밤새도록 마시고 최소한 10잔은 마신다고 말합니다. 그들은 칵테일을 좋아하지 않지만, 내일 밤에 함께 술을 마시기로 합니다.                                      "
test_26," #Person1# 은 메이에게 피크닉 준비를 도와달라고 요청하고, #Person2# 는 아버지가 가장 좋아하는 소시지라고 말한다.                                                   "
test_27,"  제임스는 #Person1# 에게 뮤리엘 더글라스씨에게 새로운 계정에 대해 이야기할 수 있어서 감사하다고 말합니다. 그들은 동료인 수잔 김이 곧 도착할 예정이며, 그녀의 가족들이 타호로 스키를 타러 갔고 날씨가 맑았다고 생각하지만, #Person2# 는 동의하지 않습니다, "
test_28, #Person1# 은 #Person2# 에게 돈을 너무 많이 쓰게 해서 ATM에서 뽑아야 한다고 말합니다. #Person1# 는 옵션을 선택하고 세계 야생동물 기금에 10000달러를 이체하려고 합니다.                                
test_29, #Person2# 는 #Person1# 에게 많은 친구들과 함께하는 것을 좋아하는 외향적인 사람이라고 말합니다.                                                            
test_30,  폴리 씨는 끔찍한 일에서 벗어나고 싶어서 탄산 음료 한 병을 사달라고 요청합니다.                                                        
test_31,"  모니카는 재무 보고서를 언제 작업할 수 있을지 궁금해합니다. #Person1# 은 금요일 오전에 만나기로 결정합시키고, 그들은 금요일 오후에 만날 예정이다.                                          "
test_32," #Person2# 는 면접 준비를 위한 워크숍에 대해 이야기합니다. #Person1# 은 면접에서 도움이 될 것들을 배우고 있으며, 면접관들은 더 좋은 기분이 든다고 생각하며, #Person2# 의 답변에는 추가적인 팁이 있습니다                                  "
test_33,"  마이크는 컷에게 그녀가 더 많은 분노를 느끼고 싶지 않다고 말하고, 제이슨과 로라는 이미 3년 동안 함께 있었기 때문에 그의 감정을 보여줄 것이라고 말한다.                                          "
test_34,  토드 부인이 #Person1# 의 아내가 쇼핑하러 가려고 기다리고 있습니다. 그녀는 제인과 자신이 방문하고 싶다고 말했기 때문에 정원에 있는 당신을 보고 인사하기로 합니다.                                           
test_35,  빌이 #Person1# 에게 오늘 밤 10시까지 일했다고 말합니다. 빌은 너무 바빠서 오늘 퇴근 시간에 집에 가서 좀 쉬어야 합니다.                                                              
test_36,"  사이먼은 내일 핵무기 확산 막기 위한 시위에 갈 것이라고 말하지만, #Person1# 은 그녀에게 그들이 그가 정치인들의 마음을 바꿨다고 말한다.                                                  "
test_37, #Person1# 과 #Person2# 는 일부가 자신의 잘못이라고 생각합니다.                                                                                  
test_38, #Person1# 은 매기에게 도서관에서 복사하는 것을 제안한다. 마크는 수업을 시작하고 30분 후면 졸리고 눈을 뜨고 공부할 사람이 필요하기 때문에 노트를 빌리기로 한다.                                           
test_39,"  터너 교수님은 다음 학기에 고급 지질학 과목을 다시 등록할 수 있을지 궁금해합니다. #Person1# 은 미국 서부의 질학은 가장 좋아하는 관심사이고 이 분야에 대해 많은 책을 읽었고, #Person2# 는 그것이 어렵지 않다고 생각하고 등록을 허락할 것이라고 제안하며, 버먼 교수가 말씀드려서 준비가 되었다고 "
test_40, #Person1# 은 상점에서 펜던트를 구입했다. #Person2# 는 #Person1# 에게 새 것으로 바꿔달라고 요청한다.                                                                  
test_41," #Person1# 은 이모가 준 스웨터가 너무 화려하다고 생각하고, #Person2# 는 #Person1# 에게 선물 중에 어떤 것을 바꿀지 결정해야 한다고 말한다.                                                           "
test_42," #Person2# 는 #Person1# 에게 미디어 쪽에서 일하는 것이 재미있을 것 같다고 말하고, TV 뉴스 디렉터가 될 수 있다고 알려준다.                                                        "
test_43," #Person2# 는 #Person1# 에게 심심하다고 말하고, #Person2# 가 스스로 재미있게 할 방법을 찾아봐야 한다고 말한다. 그들은 십자말풀이 같은 게임 섹션을 가지고 있다.                                               "
test_44,"  사라는 #Person1# 에게 회사 근처에 집을 사는 것은 비쌀 수 있지만 더 저렴한 곳을 찾는 방법이 있다고 말한다. 그들은 집 상태가 좋지 않다고 생각하고, #Person2# 는 그녀에게 정부가 대신 팔아야 한다고 말하며, 그 집이 좋은지 묻는다.                     "
test_45,"  마크 리치는 브리튼 비즈니스 센터에서 온 방문객들을 대상으로 관광 정보 서비스를 제공하고 있습니다. #Person1# 은 런던의 정보 담당관에게 관심이 있는 사람들이 사무소를 찾아오는 것을 제안하며, #Person2# 는 영국 여행 계획을 세우고 싶어하는 반면, 그들은 그곳에 "
test_46,"  루시는 린팡에게 영어를 가장 좋아하는 과목이라고 말한다. 그는 영어가 중국어와 과학을 좋아한다고 말하고, #Person1# 은 낸시와 많이 가르친다.                                              "
test_47," #Person1# 은 토마스 부인에게 마당에 낙엽을 다 치웠다고 말합니다. 제임스는 #Person1# 에게 개 오스카를 산책시켜달라고 요청하고, 그녀는 토요일에 할아버지 댁에 가 있는 것을 잊지 말라고 합니다.                              "
test_48, #Person1# 과 #Person2# 는 봄이 온 것에 대해 이야기하고 있습니다.                                                                                 
test_49,"  마이크는 컷에게 그녀가 더 많은 화를 보고 싶지 않다고 말하고, 제이슨과 로라는 3년 동안 함께했기 때문에 감정을 볼 수 있을 것이라고 말한다.                                              "
test_50, #Person1# 은 택시를 타고 프렌드십 호텔로 가고 있습니다.                                                                                 
test_51, #Person1# 은 돈이 없어서 다른 버스를 타야 합니다. #Person2# 는 버스 기사에게 환승 요금을 요청합니다.                                                                    
test_52," #Person2# 는 #Person1# 에게 미쓰비시와 HP, IBM 및 기타 여러 유명 기업이 있다고 말합니다.                                                                  "
test_53, #Person1# 은 #Person2# 에게 루루와 빅이 헤어졌다고 말한다.                                                                                  
test_54,  샐리는 데이브 톰슨에게 짐과 통화할 수 있는지 물어본다. #Person1# 은 #Person2# 에게 전화했다고 전해달라고 요청한다.                                                         
test_55," #Person1# 은 #Person2# 에게 시청에 가는 방법을 알려줍니다. #Person1# 는 두 블록을 걸어서 2번가까지 가서 우회전하도록 요청하고, 그들은 함께 코너로 가기로 합니다.                                           "
test_56," #Person2# 는 #Person1# 에게 여권을 반납한 사람이 있는지 물어보고, #Person2# 가 펜을 발급받을 수 있도록 도와달라고 요청합니다.                                                        "
test_57,"  나다니엘이 콜린스 선생님에게 전화를 걸어 다음 주에 돌아올 수 있을 것이라고 말합니다. #Person1# 은 리우 씨와 통화하고 싶어하며, #Person2# 는 오늘 오후 2시 이후에는 가능하다고 합니다.                                      "
test_58, #Person1# 과 #Person2# 는 딕이 이외의 남자와 결혼하지 않겠다고 말했습니다.                                                                           
test_59," #Person1# 과 #Person2# 는 파티에 참석하고 싶어한다. 제니스는 금발에 빨간 드레스를 입었고, 그녀는 여자와 말하는데 너무 긴장된다.                                                     "
test_60,  잭은 정치학 수업이 좋았다. #Person1# 은 #Person2# 에게 비즈니스 커뮤니케이션 수업을 추천한다.                                                                  
test_61," #Person1# 과 #Person2# 는 날씨에 대해 이야기하고 있습니다. #Person1# 은 베이징의 가을이 아름답다고 생각하지만, 그들은 여름에는 너무 덥다.                                                          "
test_62," #Person2# 는 #Person1# 에게 공포 영화를 보러 가자고 제안하고, 러브 스토리는 지루하다고 생각합니다.                                                                  "
test_63,"  아담은 #Person1# 에게 학교를 구경시켜달라고 요청하고, #Person2# 는 수영장이 여름에만 이용할 수 있다고 말한다.                                                               "
test_64, #Person1# 은 #Person2# 에게 아기가 곧 태어날 것이라고 말한다.                                                                             
test_65, #Person1# 과 #Person2# 는 존이 일주일에 일곱 번이나 만나는 것에 대해 이야기합니다.                                                                      
test_66, #Person2# 는 #Person1# 에게 소프트웨어에 페인팅 프로그램을 추가하는 것을 고려하고 더 빠른 프로세서가 필요하다고 말합니다.                                                      
test_67,"  멕시코 사람이 #Person1# 에게 크렌쇼와 호손 거리에 있는 홀리데이 인이 중국에서 왔다고 말합니다. #Person2# 는 스페인을 추천하고, 그녀는 나이 묻는 것은 무례하지 않다고 생각하며, 비즈니스를 받아들이겠다고 합니다.                   "
test_68," #Person1# 은 체중이 증가했다고 생각하고, #Person2# 는 운동을 더 해야 한다고 생각합니다.                                                                      "
test_69,  제임스는 식당에서 8인 룸을 예약하고 왔습니다.                                                                             
test_70," #Person2# 는 #Person1# 에게 공장이 75,00, 제곱미터의 면적을 차지하고 있다고 말합니다.                                                               "
test_71,"  레베카는 #Person1# 에게 지역 신문사인 요크 헤럴드가 인턴으로 시작했다고 말합니다. #Person2# 는 기자 생활에 대한 경험을 쌓는 것이 좋은 첫 걸음이라고 생각했지만, 그들은 그곳에서 일하는 데 많은 도움이 되었으며, 2006년에 떠나기로 결정했습니다     "
test_72," #Person1# 은 내일 그룹 발표를 위해 포스터를 만들기 위해 문구점에 가야 합니다. #Person2# 는 주제 아이디어를 강조하기 위한 물건을 찾는 데 하루 종일 걸릴 수 있으며, 마커, 색연필, 가위, 형광펜, 자 등이 필요하다고 말합니다.                      "
test_73," #Person1# 은 메리에게 인력시장에 가서 많은 에너지를 소비하고 있다고 말한다. #Person2# 는 인터넷에서 일자리를 찾아보는 것을 제안하지만, #Person1# 는 그것이 안전하다.                                       "
test_74," #Person2# 는 예산을 세우고 있습니다. #Person1# 는 #Person2# 에게 [UNK] 300만 원을 절약하는 것을 제안하고, 나머지는 청구서를 내야 합니다.                                               "
test_75, #Person1# 은 제인에게 수잔을 보러 병원에 가는 중이라고 말한다. 헨리는 13번 버스를 타고 시내 중심에서 출발할 것이다.                                                    
test_76, #Person2# 는 #Person1# 에게 내년 판매 예측에 대해 이야기하고 싶었다고 말합니다. 그들은 다음 주 화요일 오후 2시 30분에 매크로를 어떻게 설정했는지 보여주기로 합니다.                                             
test_77, #Person2# 는 #Person1# 에게 뉴욕의 친구'를 추천하고 설문조사를 통해 정보를 제공하면 그들의 예산에 맞는 완벽한 여행을 계획한다고 말한다.                                                 
test_78," #Person2# 는 #Person1# 에게 잭슨 씨에게 어린이용 장난감을 생산하는 회사에 대해 묻습니다. 그들은 현재 직장에서 일하고 싶지만, 그 후에 수당과 보너스를 받을 수 있다고 합니다.                                  "
test_79," #Person1# 은 계약서를 서명하러 왔습니다. #Person2# 는 #Person1# 에게 오늘 중으로 받을 수 있도록 빠르게 처리해달라고 요청하고, 포장에 관한 조항은 아닌 것 같다고 말했다.                                        "
test_80, #Person2# 는 #Person1# 에게 렌트카 회사에서 차량 사고가 났다고 말합니다.                                                                         
test_81, #Person1# 은 #Person2# 에게 학교 클리닉으로 가는 방법을 알려줍니다.                                                                            
test_82, #Person1# 은 화물용 엘리베이터 소음에 몇 번이나 깨어났습니다. #Person2# 는 #Person1# 에게 내일 저녁에 조용한 스위트룸에서 편안하게 머무르고 깊은 잠을 잘 수 있기를 바란다.                                 
test_83," #Person2# 는 #Person1# 에게 짐을 트렁크에 넣어달라고 요청하고, #Person2# 가 베이징 호텔에 도착하면 바로 위로 올라가서 쉬는 것을 제안합니다.                                                   "
test_84," #Person1# 은 #Person2# 에게 올림픽 공원 근처의 길을 잃었다고 말합니다. 그들은 그곳에 가고 싶어하고, #Person1# 이 이창으로 가야 합니다.                                                 "
test_85," #Person1# 은 리 씨에게 조언을 구해봤지만, #Person2# 는 보고서를 완성해야 하기 때문에 수리공에 전화하기로 결정했다.                                                      "
test_86, #Person1# 은 #Person2# 에게 목걸이와 크고 명확한 숫자가 있는 새 시계가 필요하다고 말합니다.                                                                
test_87,"  피셔 씨는 로스 씨에게 전화 대신 직접 만나서 좋다고 말합니다. #Person1# 은 #Person2# 에게 홍보실장을 설득할 수 있다고 초대하고, 점심 식사를 준비하라고 요청하며, 그들은 뷔페에 가기로 합니다.                              "
test_88," #Person1# 과 #Person2# 는 러시아의 주요 차이점에 대해 이야기하고 있습니다. 그들은 캐나다에서는 사람들이 더 빠르게 통과하는 것이 상당히 쉽다고 생각하며, #Person1# 의 나라는 모든 일이 매우 빠르다고 느리게 진행되는 이유를 모른다.                  "
test_89, #Person1# 과 #Person2# 는 올해 휴가를 어디로 갈지에 대해 논의하고 있습니다.                                                                         
test_90, #Person1# 은 소풍 갈 때 포도와 바나나를 가져갈 것이다.                                                                            
test_91, #Person1# 은 #Person2# 에게 소형차 렌트 비용을 알려줍니다.                                                                             
test_92," #Person1# 은 엘리베이터 안에 있을 때 다른 이용자들을 불편하게 만들 수 있다고 생각합니다. #Person2# 는 그들이 미소를 짓는 것을 좋아할 것이라고 생각하고, #Person1# 는 흥미를 느낀다.                                "
test_93," #Person2# 는 #Person1# 에게 판매 리뷰에 대해 이야기하고 월별 수익이 작년 대비 120% 증가했다고 말합니다. 그들은 이전에 많이 팔아본 적이 없으며, 월리스가 회장이 된 이후 회사의 성과가 향상되었다는 것을 알게 되었다고 #Person2# 에게 말하며, 캠페인에서 팔기를 바란다. "
test_94," #Person1# 은 지갑을 잃어버렸다. #Person2# 는 #Person1# 에게 돈을 빌려줄 수 있는지 물어보고, 버스를 타고 집에 가서 엄마에게 돈 좀 달라고 요청한다.                                              "
test_95,"  스티븐은 #Person1# 에게 해외에서 먹은 가장 화려한 식사였다고 말합니다. 린은 미국인들이 중국의 풍부한 요리 문화를 존중하고 팁을 주지 않는다면서, 호텔과 일부 레스토랑의 서비스 요금을 청구서에 추가하는 데 도움을 준다.           "
test_96,  빌이 브레인 로커에 대해 #Person1# 에게 이야기한다.                                                           
test_97, #Person1# 은 톰 윌슨에게 청구서를 지불하도록 요청합니다.                                                   
test_98,  수잔이 캐롤에게 전화를 걸어 내일 밤에 질의 집에서 디저트를 가져오라고 요청한다.                                            
test_99, #Person2# 는 #Person1# 에게 커먼이 시내의 영화관에서 일했다고 말합니다. 그들은 이전에 만난 적이 있지만 또 틀렸기 때문에 이제 가야 합니다.                            
test_100," #Person1# 은 트럼프가 다시 대통령이 되면 행복할 것이라고 생각합니다. #Person2# 는 #Person1# 에게 미국을 위대하게 만든다고 말하고, 그들은 그것이 올바른 사람이라는 믿음을 느낀다.               "
test_101, #Person1# 은 #Person2# 에게 ATM을 사용하는 방법을 알려줍니다.                                                       
test_102,  존은 사무 절차에 대한 메모를 비서에게 주고 싶어합니다.                                                    
test_103, #Person1# 은 릴리에게 이번 주말에 소풍에 참여할 수 있는지 묻습니다.                                                  
test_104," #Person1# 은 #Person2# 에게 중국의 연회에 초대받은 적이 있는지 묻습니다. #Person1# 는 그녀의 고향과 어느 정도로 다른지 물어보고, 그들은 중국 식사 자리에서 적절하게 행동해야 하는 이유를 설명하지 않는다.     "
test_105,"  메리는 대부분의 시간을 보는데 프랭크는 영화를 좋아하고, 코미디든 공상 과학 영화든, 스릴러, 무비 살롱, 회원을 좋아한다.                          "
test_106," #Person2# 는 #Person1# 에게 녹색당에 가입하는 것을 생각해 본 적이 있다고 말합니다. 그들은 정치 단체와 압력단체들이 인식을 높일 수 있기 때문에 #Person2# 를 걱정하고 있지만, 이는 종종 문제를 이해할 수 없다고 합니다. "
test_107,  윌슨 씨는 #Person1# 에게 상품에서 실수를 한 것에 대해 유감스럽다고 말합니다.                                               
test_108, #Person2# 는 #Person1# 에게 강도를 보았는지 물어봅니다.                                                         
test_109, #Person1# 은 #Person2# 에게 저녁 식사를 하러 가는 것을 제안한다.                                                        
test_110, #Person1# 과 #Person2# 는 새해 결심에 대해 이야기하고 있다.                                                         
test_111, #Person2# 는 #Person1# 에게 비교문학 287 수업에 등록하고 싶다고 말합니다. 그 후앙은 컴퓨터에서 안되고 컴퓨터가 가득 차 있기 때문에 코드를 사용하려고 합니다.                        
test_112," #Person1# 은 #Person2# 에게 우산을 깜빡하고 왔다고 말합니다. 그들은 가든 호텔로 가고 있으며, 그곳으로 걸어갈 수 있다고 합니다.                                "
test_113,"  잭이 #Person1# 에게 노후한 차를 버렸다고 말한다. 데이지는 그의 새 차보다 더 좋아 보인다고 말하고, 그 차는 레일 위에서 달리는 것처럼 코너를 돌아간다.                  "
test_114, #Person1# 은 #Person2# 에게 큰 불이 언제 발생했는지 물어본다. #Person1# 는 잠자리에 들려고 했지만 갑자기 밖에서 도움을 청하는 소리를 들었다고 말한다.                          
test_115," #Person2# 는 #Person1# 에게 현금으로 가진 것이 900위안이라고 말하고, #Person2# 의 남편이 신용카드를 가지고 있다고 말합니다.                                 "
test_116, #Person2# 는 #Person1# 에게 차량의 외부를 위에서 아래로 세차한다고 말합니다.                                                 
test_117," #Person1# 과 #Person2# 는 올해 휴가에 대해 이야기하고 있습니다. 그들은 바다를 통해 여행할 수도 있지만, #Person1# 은 시간이 오래 걸릴 것이라고 생각하며, 해리는 여행을 가기 전에 정원을 돌볼 수 있다고 말합니다        "
test_118," #Person1# 은 존슨에게 기계를 어떻게 사용하는지 알려주고, #Person2# 의 도움으로 스트레칭을 하는 것이 중요하다고 말합니다. 그들은 데릭이 에어로빅실에서 워밍업을 시켜줬기 때문에 카드를 발급해야 합니다.   "
test_119," #Person2# 는 집세를 내기 위해 필요한 일이 있는 전기기사 프로그램을 읽어봤지만, #Person1# 는 지원 방법을 알아보러 가기로 결정했다.                              "
test_120," #Person1# 은 강아지들에게 밥을 주었습니다. #Person2# 는 #Person1# 에게 목욕을 시켜주고, 토요일에 동물 병원 예약을 잊지 말라고 요청했다.                                 "
test_121," #Person1# 은 에이든에게 200달러를 빚지고 있다고 말한다. #Person2# 는 그녀가 금요일까지 돈을 줄 것을 요구했지만 돈이 부족하다고 생각하고, 월요일에 반드시 갚을 것이다.              "
test_122," #Person2# 는 #Person1# 에게 자선 단체에서 일했고 그 경험을 통해 사랑, 동정, 평등 등 많은 것을 배웠다고 말한다.                                    "
test_123, #Person2# 는 #Person1# 에게 전화나 이메일로 결정을 내려달라고 요청합니다.                                                     
test_124, #Person1# 은 #Person2# 에게 중국 와인을 추천하고 무탄과 함께 중국 요리를 주문합니다.                                                   
test_125,"  안젤라는 댄에게 전화를 걸었지만, 그녀가 다음 주에 결혼하는 것을 네게 알려주려고 했다고 말했다. 그들은 이미 선물을 샀고, 같은 대학을 다녔던 것 같다고 생각한다.               "
test_126," #Person2# 는 #Person1# 에게 전통 그리스 요구르트를 먼저 먹어보고, 티라미수와 바나나를 추천합니다. 그들은 #Person2# 의 도움으로 바닐라라테를 먹는다.                     "
test_127,"  스미스 씨는 #Person1# 에게 경제학 학사 학위를 가지고 있으며, #Person2# 는 주당 500달러를 받았다고 말합니다.                                    "
test_128, #Person1# 은 바비 인형을 좋아하지 않는 소녀를 본 적이 없습니다. #Person2# 는 #Person1# 의 조카가 베스트셀러를 좋아할 것이라고 생각하고 현금으로 내겠다고 합니다.                                              
test_129, #Person1# 은 조던 스포츠 신발 한 켤레를 원합니다.                                                                                  
test_130, #Person2# 는 #Person1# 에게 티켓 기계를 어떻게 사용해야 하는지 알려줍니다.                                                                               
test_131,"  사이먼은 가족과 더 많은 시간을 보내고 있습니다. #Person1# 은 은퇴하고 싶어하며, #Person2# 는 회사에서 프로젝트 작업을 신청할 수 있는 프로그램에 참여하는 것이 좋다고 생각하지만, 그들은 그것에 대해 더 좋은 정보를 얻을 수도 있다고 말한다.                   "
test_132," #Person1# 은 로키에게 그녀는 지적인 타입이라고 말하고, #Person2# 는 #Person1# 에게 자신의 여자를 좋아하지 않는다고 말한다. 그들은 TV를 보고 쓰레기를 버리는 것이 좋다고 생각하므로, 그 후에는 그것을 믿을 수 없다.                           "
test_133," #Person1# 과 #Person2# 는 어제 밤 폭풍에 대해 이야기하고 있습니다. 그들은 꽃들이 피기 시작했지만 날씨가 끔찍하다고 생각하며, 결국 3월에는 좋았을 것이다.                                              "
test_134, #Person1# 은 TV를 보며 즐거운 시간을 보내지 않는다. #Person2# 는 #Person1# 에게 프로그램을 즐기는 시간이 없다고 말한다.                                                            
test_135,"  벤은 동창들과 어떻게 지낼지 모른다. #Person1# 은 곧 많은 친구들을 사귈 수 있을 것이라고 생각한다. 그들은 각 수업 시간이 거의 12시라고 들었지만, #Person2# 는 두 번째 수업 후 휴식 시간에 뭔가 먹어야겠다고 한다.                            "
test_136,"  애덤은 의사한테 갔더니 별로 심각하지 않다고 해서 토요일에는 괜찮을 것이라고 생각하지만, #Person1# 은 미시간에 대한 소식이나 토요일 경기에서 기대할 수 있는 것에 대해 알고 있다고 말한다.                                        "
test_137, #Person1# 은 프린터가 고장나서 #Person2# 에게 복사본을 출력해달라고 요청합니다.                                                                        
test_138, #Person1# 은 커튼을 걸고 싶어한다. #Person2# 는 사다리만 잡고 있다.                                                                            
test_139, #Person1# 은 잭에게 주말에 캠핑 여행을 계획하고 있다고 말합니다.                                                                             
test_140, #Person1# 은 불이 번지는 것을 막기 위해 낮과 밤을 가리지 않고 일했다. #Person2# 는 #Person1# 에게 검사 결과가 정상적으로 보인다고 말한다.                                                       
test_141, #Person1# 은 #Person2# 에게 그녀가 #Person1# 의 딸을 결정하지 못하고 있다고 말합니다. 그들은 스스로 결정을 내릴 수 있도록 격려해야 합니다.                                                      
test_142," #Person2# 는 #Person1# 에게 직장을 잃으면 생계를 유지하지 못하게 될 것이라고 말하고, #Person2# 의 상사는 매우 부정직한 사람이지만, 사장님은 진실을 말해야 할 이유가 없다고 말한다. 그들은 계약서를 절약하는 것을 제안하지만, 그 후에는 이사를 가야 하기 때문이다.        "
test_143," #Person1# 은 #Person2# 에게 영국에서 방문을 왔다고 말한다. 그들은 에든버러 대학교의 박사과정 학생이며, 비디오 요약 생성과 담화 모델링에 대해도 이야기할 것이다.                                          "
test_144," #Person1# 은 #Person2# 에게 존의 집에 가자고 제안하지만, #Person1# 이 배가 안 고프다고 말한다.                                                                       "
test_145, #Person1# 은 #Person2# 에게 3박 동안 더블 룸 하나를 예약하도록 도와줍니다.                                                                              
test_146," #Person2# 는 웨스트 더비를 추천하고, #Person1# 는 #Person2# 의 사무실과 더 가까울 것이라고 생각합니다.                                                                     "
test_147, #Person1# 은 경찰에게 돈을 주려고 하지 않았다면 #Person2# 의 잘못을 물어보자고 제안했을 것이라고 생각한다.                                                               
test_148,"  댄은 9월 10일에 주문한 100대의 컴퓨터에 대해 확인하려고 전화했지만 2일이 지연되었습니다. #Person1# 은 스티브의 전화번호를 알려주고 6이 두 번이나 6번이라고 말하고, #Person2# 는 그것이 불평할 수 없을 것 같다고 말했다.                    "
test_149, #Person1# 과 #Person2# 는 워싱턴 포스트 복사본에 대해 이야기하고 있다.                                                                              
test_150," #Person1# 은 컴퓨터에 바이러스가 침투한 것 같다고 생각하고, #Person2# 는 #Person1# 에게 이메일 용량을 초과했다고 말한다.                                                             "
test_151, #Person1# 은 #Person2# 에게 주말을 즐겁게 보냈는지 묻습니다.                                                                                  
test_152, #Person2# 는 #Person1# 에게 멕시코 음식을 먹고 싶다고 말합니다.                                                                                
test_153,  메리는 판매 직원 자리를 다른 사람에게 제공하기로 결정했다는 것을 #Person1# 에게 알려줍니다.                                                                      
test_154, #Person1# 이 #Person2# 에게 전화를 걸어 경찰에 신고할 것이라고 말한다.                                                                               
test_155," #Person2# 는 어릴 때부터 항상 음악을 사랑했습니다. #Person1# 는 #Person2# 에게 석사 학위를 가지고 있다고 말하고, 그녀는 활기찬 댄스 음향을 듣는 것을 좋아하며, 매우 인상적이지만, 가장 좋아한다고 느낀다. 그 후에는 종종 모차르트나 바흐를 듣기 때문이라고 말합니다 "
test_156," #Person1# 과 #Person2# 는 오늘 집 아래에 사는 여자를 만났습니다. 그들은 그녀를 처음 본 순간, 이웃과 사귀는 것은 편리하지 않지만, #Person1# 은 저녁 식사에 초대하려고 합니다.                                         "
test_157," #Person1# 은 미렐라가 어제 회사에 실리콘 밸리의 회의에 다녀온 후로 그녀는 청바지와 추리닝 상의를 입고 출근하고 있다. #Person2# 는 흰 셔츠, 어두운 정장, 넥타이 차림에 대해 이야기한다.                              "
test_158, #Person1# 은 #Person2# 에게 자신만의 법률 사무소를 세우라고 요청합니다.                                                                             
test_159,  케이트는 어젯밤에 네트워크 게임을 하지 않았다. #Person1# 은 피곤하다고 생각한다.                                                                       
test_160, #Person2# 는 #Person1# 에게 배와 보트가 예전처럼 교통수단으로 중요하지 않다고 말합니다.                                    
test_161,"  패니는 어젯밤에 잠을 별로 못 잤다. 앤디는 묘지를 헤집으며 자신의 피를 원한다고 소리쳤고, #Person1# 은 그녀에게 초콜릿 쿠키와 우유 한 잔을 주었지만 다시 학교에 들어가야 한다. "
test_162, #Person1# 은 #Person2# 에게 바닐라 아이스의 노래를 연주하는 것을 제안한다.                                         
test_163," #Person1# 은 뉴올리언스 여행을 즐기고 있습니다. #Person2# 는 재즈 클럽에 가본 적이 없고, 강변 보트 투어는 #Person1# 에게 예약하라고 합니다.                  "
test_164, #Person2# 는 #Person1# 의 신용카드를 사용하고 싶어합니다.                                              
test_165," #Person1# 은 블레이크 씨에게 훈련 매뉴얼을 보내달라고 요청합니다. #Person2# 는 #Person1# 에게 복사소에 있어서 내일 1시 전에 돌아올 것이라고 말하고,              "
test_166, #Person2# 는 #Person1# 에게 이번 주 금요일에 솔트레이크시티까지 운전을 해서 갈 계획이라고 말합니다.                                   
test_167," #Person1# 은 파멜라에게 비행기를 타야 할 시간이라고 말합니다. #Person2# 는 #Person1# 의 회사가 파산하자마자 소위 친구라는 것을 알게 되었고, 파토라를 돌봐주기로 합니다.       "
test_168, #Person2# 는 #Person1# 에게 77번 버스를 타고 가는 방법을 알려줍니다.                                            
test_169, #Person1# 과 #Person2# 는 이슬람에 대한 프로그램에 대해 이야기하고 있다. 그들은 메카로 순례를 가는 것이 무슬림들이 기도할 때 #Person1# 에게 가장 유명한 사람들을 가르치는 방법을 설명한다.  
test_170, #Person2# 는 #Person1# 에게 센트럴 백화점으로 가는 길을 알려줍니다.                                           
test_171," #Person1# 과 #Person2# 는 다음 주에 런던에 가는 것을 제안한다. 그들은 기차를 타고 가고 싶지만, #Person1# 은 기차가 더 빨라서 차를 좋아하기 때문이다.              "
test_172,  톰은 점심을 먹었지만 패스트푸드가 너무 인기가 많다고 생각한다. 그들은 미국에서 싸온 칼국수를 먹은 것에 대해 이야기하고 있다.                   
test_173, #Person2# 는 #Person1# 에게 바비큐 윙을 주문하고 베이비 백 립을 요청합니다.                                       
test_174, #Person2# 는 #Person1# 의 도움으로 더블 치즈버거를 주문했습니다.                                            
test_175," #Person2# 는 #Person1# 에게 베이킹이 먹고 싶어서 머핀을 만들었다고 말하고, 그녀는 한쪽만 프라이한 계란을 반숙으로 달라고 했다.                    "
test_176, #Person1# 은 #Person2# 에게 그랜드 호텔에 대해 묻습니다.                                                 
test_177, #Person1# 은 #Person2# 에게 미국 경찰이 어떻게 생겼는지 보여주고 싶어합니다.                                           
test_178, #Person2# 는 내일 모든 방이 예약 완료되었습니다. #Person1# 은 세 블록 떨어진 곳에 선셋 호텔이 있는 #Person2# 에게 문의하는 것을 제안합니다                    
test_179, #Person2# 는 #Person1# 에게 미국에 공부하러 가기 위해 비자를 신청했고 다음 주에 인터뷰를 보러 갈 것이라고 말합니다.                            
test_180,  앤이 삼-오에게 밤새도록 웃고 이야기를 했지만 #Person1# 은 재미있게 놀았다고 말한다. 그들은 내일 밤 술집에서 만날 것이다.                   
test_181," #Person1# 은 메리에게 온라인 쇼핑에 익숙하다고 말합니다. #Person2# 는 인터넷으로 물건을 개설하는 것을 제안하고, #Person1# 는 먼저 결제해야 합니다.                 "
test_182, #Person2# 는 #Person1# 에게 미국식 회계에 익숙하지 않다고 말합니다.                                            
test_183,  피터는 제인과 함께 시안에 가고 싶어한다. 그들은 휴가를 어디로 갈지에 대해 논의하고 있다.                              
test_184," #Person1# 은 로맨스 영화를 대여하고 싶어합니다. #Person2# 는 #Person1# 에게 비디오를 사용하기 위해 회원 양식을 작성해 달라고 요청하며, #Person3# 은 5달러짜리 영화가 있다고 말했다.   "
test_185, #Person1# 은 미스터 리를 찾는 데 도움을 줍니다.                                                
test_186," #Person1# 은 공항이 폐쇄되었습니다. #Person2# 는 #Person1# 에게 공항 호텔에서 객실을 준비해 놓았다고 말합니다, 그들은 여성 고객이 똑같은 습관이 있다는 것을 알게 되었다.      "
test_187," #Person1# 은 지난주에 컴퓨터 때문에 보답을 하고 싶어합니다. #Person2# 는 #Person1# 에게 식당을 찾아달라고 요청하고,                            "
test_188," #Person1# 은 불면증 때문에 스트레스를 받고 있다. #Person2# 는 #Person1# 에게 잘 할 수 있을 것이라고 말하고, 요가 수업을 듣거나 이완 요법을 배우면 스트레스 해소에 도움이 된다고 말한다.       "
test_189, #Person1# 은 #Person2# 에게 주방을 완전히 새롭게 만들고 싶다고 말합니다.                                           
test_190,"  월터는 새로운 선생님에 대해 우드 교수님이라고 생각하며, #Person1# 은 정신이 다른 데 팔려 있는 것 같다고 생각한다.                             "
test_191, #Person2# 는 #Person1# 에게 검사 결과가 명확하지 않아서 더 자세히 알아보기 위해 추가 검사를 하는 경우가 있다고 말합니다.                           
test_192,  엘리자 선생님이 #Person1# 에게 다가오는 시험 준비가 어떻게 되어가고 있는지 알려준다.                                                      
test_193, #Person2# 는 #Person1# 에게 20파운드 소포를 한국으로 보내달라고 요청합니다.                                                          
test_194, #Person1# 은 린다에게 호텔 방을 뒤졌지만도 휴대폰이 보이지 않는다고 말한다. 린다는 #Person1# 에게 여동생이 어떻게 지내는지 알려줄 것이다.                                  
test_195, #Person1# 은 #Person2# 에게 서부 항구 도시 로스앤젤레스 출신이라고 말합니다.                                                       
test_196, #Person1# 과 #Person2# 는 여름방학에 대해 이야기하고 있다.                                                                 
test_197, #Person1# 과 #Person2# 는 차 사고에 대해 이야기하고 있다. 그들은 정원 문 근처의 커다란 나뭇가지가 울타리를 뛰어넘기 시작했지만 미처를 보지 못했다고 생각한다.                           
test_198," #Person1# 은 #Person2# 에게 정보를 살펴보니 한 회사에 6년 동안 있었다고 말합니다. 그들은 #Person1# 에게 새로운 기술을 배울 수 있도록 도와달라고 요청하고, 그녀는 여행할 기회가 자주 있는지 묻는다.                 "
test_199, #Person2# 는 #Person1# 에게 당좌예금 계좌를 개설하는 데 도움을 청구서를 지불하거나 물건을 사고 돈을 보내는 방법을 알려줍니다.                                        
test_200," #Person2# 는 중국 요리를 먹어보고 싶어합니다. #Person1# 은 #Person2# 에게 사천 요리와 후난 요리가 그에 속하다고 말하고, 그곳의 유명한 음식을 좋아하면 몇 가지 먹으러 가자고 제안하며, 이곳은 너무 멀어서 택시를 타고 가기로 합니다.     "
test_201," #Person1# 은 배송이 느려서 걱정하고 있습니다. #Person2# 는 #Person1# 에게 견적에 양모가 가능한 한 빨리 도착했으면 좋겠다고 말하며, 계약서를 작성하도록 요청합니다                             "
test_202, #Person1# 은 #Person2# 에게 독서등을 깨뜨렸다고 말합니다.                                                                
test_203," #Person1# 은 #Person2# 에게 소개 부분을 마치게 되었다고 말합니다. 그들은 올해 처음 설정한 몇 가지 목표를 말해보라고 제안하고, 젊은 소비자 집단에 호소하는 것을 선매하기 위해 판매자를 보려고 합니다.             "
test_204," #Person1# 과 #Person2# 는 휴가 동안 무엇을 할지에 대해 이야기하고 있습니다. 그들은 영국으로 가고, 축제에 참석할 예정이며, 에든버러에 가서 기념품을 사다 달라고 합니다.                        "
test_205,"  폭스씨는 중형 차량 예약을 했지만, #Person1# 은 예약이 유지되지 않았습니다. #Person2# 는 예약의 이유를 알고 있다면 컴퓨터팩트나 보험료를 포함할 수 있을 것이라고 말하고, 차를 예약하는 데 도움을 줄 것을 제안합니다     "
test_206, #Person1# 은 엄마에게 #Person1# 의 엄마가 공부방에서 일하고 있다고 말한다. #Person2# 는 소리를 내지 말고 아무것도 만지지 않을 것이다.                                      
test_207,  존스 씨는 이번 주에 회계사와의 회의를 위해 런던으로 가기로 합니다. 앤은 그들의 새로운 프로젝트 매니저에게 전화를 걸었습니다.                                  
test_208, #Person2# 는 지리 수업을 준비하고 있다. #Person1# 는 세계 지도에서 가장 높은 산봉우리가 있는 히말라야 고원을 보는 데 도움을 준다.                                  
test_209, #Person1# 은 #Person2# 에게 금연 방을 예약했지만 담배 냄새가 너무 심해서 참을 수 없었다고 말했습니다.                                                   
test_210,"  빌은 젖은 페인트에 손대지 말라고 요청했지만, #Person1# 은 교장 선생님이 공지를 가져오러 창고에 갔다.                                         "
test_211,  벤이 엘라의 전화번호를 얻을 수 있도록 전화를 걸어 다음 주에 다시 만나기로 한다.                                                   
test_212,  짐이 짐에게 이탈리아에서 돌아온 후로 아팠다고 말한다.                                                            
test_213, #Person2# 는 생명력을 빨아들이고 있지만 선택의 여지가 없다. #Person1# 은 #Person2# 에게 고용주가 직원에게 공정한 임금을 주도록 요구하는 법이 있다고 말한다.                          
test_214,"  리사는 #Person1# 에게 남편이 속이고 있다는 것을 방금 알게 되었다고 말한다. #Person2# 는 그에게 어이없는 변명을 했고, 그녀는 계속 질문했다.                               "
test_215, #Person1# 은 의사에게 적색 육류를 줄이면서 식단을 정리하라고 말했다고 말한다.                                                       
test_216, #Person1# 은 #Person2# 에게 함께 인생을 같이 해줄 것을 요청한다.                                                                
test_217," #Person2# 는 학생증이나 입장카드만 있으면 도서관에서 책을 대출하거나 잡지를 읽을 수 있으며, #Person1# 은 #Person2# 에게 책 기한 내에 반납하지 못하면 벌금이 부과된다고 말합니다.                      "
test_218," #Person1# 과 #Person2# 는 오늘의 날씨에 대해 이야기하고 있습니다. 그들은 #Person1# 에게 해변에 가자고 제안했지만, 결국 비가 올 것이라고 말한다.                                    "
test_219, #Person1# 은 박물관에서 사진을 찍을 수 없습니다. #Person2# 는 카메라를 돌려주고 슬라이드나 그림 엽서를 구매하는 것을 제안합니다                                     
test_220," #Person1# 은 대출 신청에 대한 정보를 얻고 싶어합니다. #Person2# 는 #Person1# 에게 개인 대출에 대해 국내에서 가장 낮은 이자율을 자랑하고 있으며, 대출의 일반적인 조건이라고 말하면서, 그것이 납입을 빠뜨리지 않는다는 가정하에 있다고 말한다. "
test_221,"  모니카는 회의 때 발표가 성공적이었고 모두가 연설에 감동했다고 말한다. 그들은 그녀의 프로젝트에 돈을 투자하게 될 것이라고 생각하고, #Person1# 은 #Person2# 를 사랑하기 때문이다.                 "
test_222,  톰은 아침에 달리는 것을 좋아한다. 그들은 내일 함께 러닝하러 갈 것이다.                                                     
test_223, #Person2# 는 #Person1# 에게 일본 레스토랑에서 인기 있는 음식을 제공하는 방법을 알려줍니다.                                                      
test_224," #Person1# 은 심슨 씨에게 점심을 제안하고, #Person2# 는 #Person1# 에게 12시 30분에 가겠다고 말합니다.                                                                   "
test_225, #Person1# 은 데이트를 위해 저녁 식사에 예산을 쓰는 데 도움을 줍니다. #Person2# 는 #Person1# 에게 호텔의 레스토랑을 예약하라고 제안합니다                                                         
test_226, #Person1# 은 #Person2# 에게 오리구이와 맥주 두 병을 어떻게 내야 하는지 알려줍니다.                                                                           
test_227," #Person2# 는 #Person1# 에게 #Person2# 의 나라에서 사람들이 축구를 좋아한다고 말합니다. 그들은 골프를 즐기고 있으며, 일부 남자아이들에게는 너무 비싸다고 생각하기 때문에, 익스트림 스포츠는 소수의 사람을 시도해보는 것이 두렵다고 합니다.                   "
test_228, #Person1# 은 프리덤 여행사에게 이번 달 23일에 헬싱키와 핀란드로 가는 비행기를 예약하는 데 도움을 줍니다.                                                            
test_229, #Person1# 과 #Person2# 는 내일 플로리다로 날아가 할머니를 방문할 예정입니다.                                                                            
test_230, #Person2# 는 #Person1# 에게 호주에 가본 적이 없다고 말합니다.                                                                                 
test_231,"  로라는 몸매 관리를 위해 헬스장에 가고 있다. #Person1# 은 #Person2# 에게 운동과 즐거움을 위해 많이 걷는 편이라고 말한다. 그들은 야구를 좋아했지만, 그 후에는 운동을 하기가 불가능하다고 말하고, TV에서 타는 것이 좋다고 생각하며, 그것을 즐기기 위해서는 자전거를 타야 한다고 생각한다 "
test_232," #Person2# 는 #Person1# 에게 로스앤젤레스에서 태어났다고 말합니다. 그들은 링컨 고등학교를 졸업하고 유럽에 갔고, [UNK]헨은 거의 이 년 동안이었다.                                               "
test_233, #Person2# 는 #Person1# 에게 새로운 정장이 나쁘지 않다고 말합니다.                                                                                  
test_234,"  로빈이 스튜디오에서 방송 중인 앤에게 그녀의 자전거 클럽에 대해 이야기하고 있습니다. 그들은 #Person1# 에게 몇 명의 사이클리스트들이 4시간 안에 자전거를 타는 데 얼마나 걸리는지 물어보고, #Person2# 는 올해는 1,200명이 참가할 수 있을 것이라고 말합니다          "
test_235, #Person2# 는 #Person1# 의 도움으로 애퍼티프와 무알콜 칵테일을 주문했습니다.                                                                        
test_236, #Person1# 은 DIY와 스스로 번지 점프를 하고 있다. 그들은 그레고리에게 잘 맞을 것이라고 생각한다.                                                             
test_237, #Person1# 은 제2차 세계 대전에 대한 웹사이트를 찾고 싶어합니다. #Person2# 는 노르망디 상륙작전을 입력하고 자세한 정보를 읽어보는 것이 좋다고 합니다.                                              
test_238, #Person1# 은 #Person2# 에게 기계를 사용하는 데 도움을 청하고 웨이트와 유산소 운동으로 좋은 체형을 줄이는 것을 제안합니다.                                                         
test_239, #Person2# 는 학생들을 위한 주차 구조물이 있는 캠퍼스에 주차할 공간을 찾고 있습니다.                                                                     
test_240,"  에밀리는 수잔에게 FICA와 SUI Y 세금이 무엇인지 물어보고, 그녀의 건강 보험 계획에 대한 공제가 있다고 말한다. #Person1# 은 #Person2# 에게 연방 보험 기여법을 의미하라고 말하고 있다.                             "
test_241," #Person1# 은 기계로 물건을 어떻게 사는지 알고 싶어합니다. #Person2# 는 #Person1# 에게 돈을 몇 번 넣어야 작동할 수 있다고 말하고, 자판기는 그다지 신뢰하지 않을 것이라고 조언하며,                                     "
test_242, #Person1# 과 #Person2# 는 겨울 휴가 계획에 대해 이야기하고 있다. #Person1# 은 인터넷이 상호작용을 훨씬 빠르게 만들기 때문에 다음 달에 약혼할 계획까지 세웠다고 생각한다.                                                 
test_243,  케이트는 제임스에게 새 가구를 사고 장식을 다시 하려고 돈을 모았다고 말한다. 그녀는 카펫이 너무 더러워서 두 번 청소했다.                                                        
test_244,  빌은 체육관에서 운동하고 댄스 수업을 하고 있다. #Person1# 은 그녀에게 할 수 있을 것이라고 말한다.                                                              
test_245,  마르켓은 #Person1# 에게 올해 졸업하려면 과학 과목을 수강해야 한다고 말합니다.                                                                         
test_246,"  팀은 프로젝트와 더욱 친환경적인 삶을 어떻게 이끌어갈 것인지에 대해 이야기하기로 결정했다. #Person1# 은 팀에게 자신의 삶에서 무엇을 할 수 있을지, 그리고 그녀의 가족들도 관심이 있다고 말한다.                                 "
test_247,"  토니는 쇼핑 센터의 장난감 부서에서 일하고 있다. #Person1# 은 평소보다 훨씬 바쁠 것이라고 생각하며, #Person2# 는 그것이 익숙해졌다고 생각한다.                                                  "
test_248,"  빌이 #Person1# 에게 다이어트 중이라고 말합니다. 빌은 내일부터 다이어트를 시작하면 되지만, #Person2# 는 이미 멋져 보인다고 말하고, 그들은 나중에 식당에 갈 것이다.                                               "
test_249, #Person1# 은 여름 옷 가게에서 구매하는 것을 도와줍니다. #Person2# 는 #Person1# 에게 티셔츠와 어울리는 치마와 바지를 추천하고 센스가 좋다고 말합니다                                                     
test_250, #Person1# 은 #Person2# 에게 특별히 티켓을 찾으러 왔다고 말합니다.                                                                                
test_251, #Person1# 과 #Person2# 는 부활절에 대해 이야기하고 있다.                                                                                   
test_252, #Person1# 과 #Person2# 는 토니가 어린 아이지에게 인내심을 존중하고 무언가를 해야 한다고 말한다. #Person1# 은 그를 부드럽게 이끌어준다.                                                     
test_253," #Person1# 은 줄리와 알렉스가 결혼할 것이라고 생각하고, #Person2# 는 #Person1# 에게 그의 친구들의 파티를 준비하는 것을 제안한다.                                                           "
test_254, #Person2# 는 #Person1# 에게 투표용지를 어디서 받아야 하는지 알려줍니다.                                                                             
test_255," #Person1# 은 #Person2# 에게 회사가 곧 인력을 줄일 예정이라고 말하고, 앤디와 상사의 시부모와 관련이 있다고 말한다. 마이클은 연속 3개월 동안 최고의 판매 실적을 상기시킨다.                                      "
test_256, #Person1# 은 중국 스타일 이혼이라는 중국 TV 시리즈를 보고 있다. #Person2# 는 #Person1# 에게 중국이 이 결혼하는 것을 선호하고 있다고 말한다.                                      
test_257,  주디는 #Person1# 에게 교통비와 유스호스텔을 선택하는 것을 제안한다. 그들은 예산 목록을 보여줄 것이다.                                           
test_258, #Person1# 은 메리가 결혼했다고 말한다. #Person2# 는 놀랐다.                                                                
test_259, #Person1# 은 지갑을 잃어버렸다. #Person2# 는 #Person1# 에게 돈을 빌려달라고 요청한다.                                                        
test_260," #Person1# 은 #Person2# 에게 공급업체인 머피 뮤직과 U-튠즈가 합병한다고 말합니다. 그들은 #Person1# 의 회사를 인수할 것이라고 말하고, 그의 경쟁률은 금융 페이지에서 직접 읽었지만, 다음 달부터 회사에는 안될 것임을 알게 된다. "
test_261,  조는 톰에게 새로운 비서를 만났지만 그녀는 인상적이지 않았다고 말한다.                                                      
test_262,"  사라는 제안을 아무도 듣지 않아서 화가 났습니다. #Person1# 은 #Person2# 에게 자신의 경험상 말하자면 밥이 가끔 강하게 나오는 편이라고 말하지만, 밥은 회의가 효율적으로 만들기 위한 아이디어를 생각해내려고 했다고 말합니다,      "
test_263, #Person1# 과 #Person2# 는 이슬람에 대한 프로그램에 대해 이야기하고 있다. 그들은 메카로 순례를 가는 무슬림들이 기도할 때 칸에 있는 사람들을 치유하는 것이라고 생각한다.                       
test_264," #Person1# 은 마이크에게 제니와 함께 가자고 제안하지만, #Person2# 는 거절당하더라도 #Person1# 의 용기를 어떻게 느끼는지 알려야 한다고 말한다.                                       "
test_265," #Person1# 은 #Person2# 에게 화가 날 때 보통 먼저 진정하고 화를 일으킨 원인에 대해 설명합니다. #Person1# 는 클래식의 음악을 듣는 것이 좋다고 생각하며, 조깅이나 요가, 산책을 하는 방법을 제안합.                 "
test_266," #Person1# 과 #Person2# 는 계속 뉴질랜드에 있는 삼촌 빌에 대해 이야기하고 있다. 그들은 사라의 엄마가 돌아가셨고, #Person1# 은 그녀의 가족의 형제이며 3년 후에 다시 결혼했다고 생각한다.                       "
test_267,  스튜어트 씨는 #Person1# 에게 도시 마라톤에서 우승했다고 말합니다.                                                           
test_268," #Person2# 는 아이들과 아내를 위한 선물을 고르고 있습니다. #Person1# 은 #Person2# 에게 미국에서는 더 저렴하다고 말하고, 59.95달러짜리 5켤레를 사겠다고 합니다.                           "
test_269," #Person1# 은 홍에게 영국에 전화를 걸어야 하는데 로밍 요금을 감당할 수 없다고 말한다. 홍은 #Person1# 에게 휴대폰에 SIM 카드를 넣어달라고 요청하고, #Person2# 는 그것이 저렴하다고 생각하므로,                "
test_270," #Person1# 은 #Person2# 의 능력과 경험에 따라 급여를 받고 싶어합니다. 브라운 씨는 #Person1# 에게 한 달에 2,500 위안을 지급할 수 있으며, 그는 토요일과 일요일에 쉴 수도 있다고 말하고,                    "
test_271, #Person1# 과 #Person2# 는 배리를 좋아하지만 폴은 사교적이고 형보다 훨씬 더 정직하다고 생각한다. #Person1# 은 그들이 낯을 가리지 않는다.                                 
test_272," #Person2# 는 #Person1# 에게 집을 사는 데 관심이 있다고 말하고, #Person2# 가 ABC 학군에 머물고 싶어하며, 며칠 안으로 연락할 것이다.                                    "
test_273, #Person1# 은 #Person2# 에게 샘플들을 볼 기회가 있다고 말합니다.                                                              
test_274, #Person2# 는 #Person1# 에게 Phs에서 Sons까지 가는 버스가 어디에 있는지 알려줍니다.                                                   
test_275, #Person1# 은 워드 여사님에게 그녀의 열쇠를 꺼내는 동안 우산을 들어달라고 요청합니다.                                                    
test_276," #Person1# 은 #Person2# 에게 자켓과 셔츠를 벗고 누워달라고 요청하고, #Person1# 는 아무것도 없다고 말한다.                                                  "
test_277,"  [UNK]리는 IBA에게 고객 서비스실에 전화를 걸었지만, #Person1# 은 신용 카드를 잃어버렸다고 말했습니다.                                        "
test_278," #Person2# 는 잠을 자려고 하고, #Person1# 은 #Person2# 에게 음식 요리하는 냄새를 맡을 것이라고 말한다.                                                     "
test_279, #Person1# 은 중국 음식이나 서양 음식 중에 어떤 것을 먹고 싶은지 묻습니다. #Person2# 는 식당에서 식사하고 두유 한 잔을 주문하는 데 도움을 준다.                                    
test_280, #Person2# 는 #Person1# 에게 차례가 되면 웨이터에게 원하는 크림 케이크를 많이 먹을 것이라고 말합니다.                                                   
test_281,  루시는 #Person1# 에게 노래 부를 사람이 없는지 묻습니다. #Person2# 는 그에게 엘비스의 노래를 틀어달라고 요청합니다                                            
test_282, #Person1# 은 홈 비디오 플레이어가 영화관을 대체하여 엔터테인먼트 사업에서 퇴출시킬 것이라고 생각합니다.                                             
test_283," #Person1# 과 #Person2# 는 갈색 드레스를 원하고, #Person1# 은 흰색을 원한다.                                                         "
test_284, #Person1# 은 #Person2# 에게 13달러의 용돈을 받을 수 있는지 물어본다. 그들은 은행에 가는 것을 제안한다.                                              
test_285, #Person1# 은 #Person2# 에게 마이크의 생일 파티 초대장을 받았다고 말한다. 그들은 차로 그의 파티에 갈 것이다.                                               
test_286, #Person1# 은 #Person2# 의 소포를 우등 우편으로 보내고 싶어합니다.                                                             
test_287," #Person1# 과 #Person2# 는 사망자에 대해 이야기하고 있습니다. #Person1# 은 중국은 유라시아 판 위에 있고 지진이 서로 부딪혀지는 곳이라고 생각하며, 그들은 자연 재해에 익숙해진다고 말합니다,                  "
test_288," #Person1# 과 #Person2# 는 날씨에 대해 이야기하고 있습니다. #Person1# 은 봄이 곧 올 것이라고 생각하며, 그들은 따뜻한 날씨를 좋아합니다                                                           "
test_289," #Person2# 는 #Person1# 에게 올림픽 기념품 가게에 가서 둘러보자고 제안하고, #Person2# 의 가족들에게 선물을 사는 것을 선택했습니다.                                                        "
test_290, #Person1# 은 알루미[UNK] 팬을 사고 싶어합니다. #Person2# 는 가벼운 나무 핸들이 달려 있어서 그것을 사려고 합니다.                                                              
test_291, #Person1# 은 #Person2# 에게 책상 위에 할 일이 산더미처럼 쌓여 있다고 말합니다.                                                                         
test_292,"  베커 씨는 #Person1# 에게 워싱턴의 공무원들이 자신들의 일을 즐기는 이유를 이해할 수 있다고 말합니다. #Person2# 는 정부 서비스는 보람이 있고 안정적인 경력이 될 것이라고 생각하며, 금전적으로 보수가 좋다고 생각하지만, #Person3# 는 대부분의 연방 직원들은 정직하고 열심히 일하는 전 "
test_293,"  피트는 헨리 존슨을 만나게 해줍니다. 그들은 베이징 사무소에서 1년 넘게 근무했고, 그녀는 브루클린이 퀸즈 출신이지만, #Person1# 은 그것이 중국의 생활하는 외국인이라고 생각하며, 피자를 먹고 싶어한다.                       "
test_294,"  줄리는 #Person1# 에게 일주일 동안 수업에서 못 봤다고 말합니다. 존스 선생님은 식중독이라고 생각하고, 그녀는 집에 도착하자마자 몸이 아프기 시작했기 때문에 다른 사람들은 아무도 아프지 않았지만, #Person2# 는 그것이 병의 원인이라는 것을 알게 된다.               "
test_295,  마이크는 엄마에게 과일 주스와 콜라를 사러 간 다음에 커피를 내릴 것이라고 말한다. #Person1# 은 엄마 친구들이 언제 오는지 묻는다.                                                      
test_296, #Person1# 과 #Person2# 는 베를린에서 오래 기다렸다. 그들은 아파트로 가기로 결정한다.                                                                        
test_297," #Person1# 은 #Person2# 에게 일을 맡게 되면 주말에도 일해야 한다고 말합니다. #Person1# 는 그 직업이 흥미롭다고 생각하며, 그들은 독일어와 프랑스어를 잘하고, 일자리를 대략 1년 동안 공부해왔습니다                               "
test_298,"  에이미는 제니와 빌이 소풍에 초대해서 집에 늦게 왔다. 그녀는 베이하이 공원에서 점심을 먹고 그곳의 아름다운 경치를 봤고, 그 후에는 강가를 따라 산책하고 친구들을 사귀었기 때문에 카페에 가려고 한다.                        "
test_299,"  피터는 #Person1# 에게 정원에 물을 줘야 한다고 말합니다. #Person2# 는 차를 마시고 싶어하고, 비가 오기 때문에 차가 마실 수 있을 것이라고 합니다.                                                    "
test_300, #Person1# 은 #Person2# 에게 비상 회의를 소집하도록 요청합니다.                                                                               
test_301, #Person1# 은 #Person2# 의 편지에 붙일 우표가 필요하다고 생각하고 등기를 보내는 데 도움을 줍니다.                                                                   
test_302, #Person1# 은 스미스 씨에게 항생제와 가려움증을 완화시키는 크림을 처방하도록 요청합니다.                                                                
test_303, #Person2# 는 #Person1# 에게 중국의 예술과 공예품이 훌륭한 솜씨로 유명하다고 말합니다.                                                                      
test_304, #Person1# 과 #Person2# 는 유명한 에펠탑에 대해 이야기하고 있습니다.                                                                                
test_305, #Person1# 은 브라이언에게 캘리포니아에 가본 적이 있는지 묻습니다.                                                                         
test_306, #Person1# 은 #Person2# 에게 고양이가 한 시간 전에 있어야 했다고 말합니다.                                                                               
test_307, #Person1# 과 #Person2# 는 모든 것이 너무 쉽게 진행되었기 때문에 휘말릴 것입니다. #Person1# 은 결코 일의 긍정적인 면을 보지 않는다.                                                     
test_308, #Person1# 과 #Person2# 는 존이 일주일에 일곱 번 그녀와 데이트를 한다고 생각한다.                                                                           
test_309," #Person1# 과 #Person2# 는 런던의 역사적인 도시에 대해 이야기하고 있습니다. 그들은 웨스트민스터 대성당을 보는 것을 기대하며, #Person1# 은 영국에서 유명한 지도를 보고 싶어하는 반면, 그녀는 동영상을 볼 것이라고 말합니다                       "
test_310,"  다니엘은 #Person1# 에게 이번 학기에 학교에서 몇 가지 새로운 과목을 추가했다고 말한다. #Person2# 는 숙제를 더 많이 해야 한다고 생각하고, 그들은 과학에 관심이 있다.                                                 "
test_311, #Person1# 은 멋진 베이비 샤워를 준비하고 있다. #Person2# 는 #Person1# 에게 다음 선물은 베티가 준 것이라고 말한다.                                                                 
test_312," #Person1# 은 중국에 관광하러 가고 싶지만, #Person2# 는 바빠서 거절한다.                                                                            "
test_313,  카렌이 팀을 만나서 반가웠다. #Person1# 은 #Person2# 에게 어디선가 다시 만날 것이라고 말한다.                                                                      
test_314," #Person1# 은 어제 밤에 마이클을 만나러 가고, #Person2# 는 자전거를 사고 싶어한다.                                                                           "
test_315, #Person2# 는 #Person1# 에게 영어를 충분히 잘하고 영어권 국가 사람들과 의사소통이 가능하다고 말합니다.                                                                    
test_316,  낸시는 #Person1# 에게 그녀의 여동생이 메시지를 받아달라고 요청합니다.                                                                        
test_317," #Person1# 은 뉴욕행 513편 비행기를 타러 왔지만 방송으로 그 비행기가 취소되었습니다. #Person2# 는 #Person1# 에게 다른 항공사로 예약하는 것을 제안하고, 그들은 내일 티켓을 예약해달라고 요청합니다                                   "
test_318," #Person1# 과 #Person2# 는 점심에 버거퀸에 가서 밀크셰이크를 먹기로 결정했다. #Person1# 은 치즈버거를 좋아하고, 그들의 프렌치 프라이도 좋아한다.                                                 "
test_319, #Person1# 은 #Person2# 에게 초과 수하물 요금을 내고 취약한 물품 표시를 달라고 요청합니다.                                                                     
test_320," #Person1# 은 #Person2# 에게 목이 말라서 소다를 마시고 싶어합니다. #Person1# 는 탈수 상태일 때는 물을 마시는 것을 제안하고, 그것이 목마름을 느끼지 않게 해줄 것입니다                                            "
test_321, #Person1# 은 #Person2# 에게 매니저 량의 사무실에 전화를 걸어 그린 씨와의 약속을 잡습니다.                                                                       
test_322, #Person1# 은 #Person2# 에게 30사이즈의 유광 가죽 신발 한 켤레를 추천합니다.                                                                           
test_323," #Person1# 은 벤자민에게 프로젝트 보고서를 어떻게 써야 하는지 물어본다. #Person2# 는 #Person1# 에게 워커홀릭이라는 것을 잊고 있었다고 말하고, 그 후에는 긴급 사태를 처리하는 경험이라고 말한다.                                "
test_324, #Person1# 은 #Person2# 의 도움으로 해산물 피자와 바나나와 파인애플 피자를 주문했습니다.                                                                      
test_325," #Person2# 는 #Person1# 에게 새우 칵테일과 토마토 수프를 주문하고, 식사 후에는 블랙 커피를 원한다고 말합니다.                                                                "
test_326, #Person2# 는 #Person1# 에게 집에 편리하게 사용할 수 있는 화장실이 두 개 있다고 말합니다.                                                                         
test_327," #Person1# 은 #Person2# 에게 3일 전에 산 개인용 스테레오가 긁힘이 있다고 말합니다. #Person1# 는 그것이 가장 중요한 문제는 아니라고 생각하지만, 그들은 그것을 확인하는 것이 고객님의 책임이라고 말하고, #Person3# 은 그것에 대한 문제를 해결할 수 없다고 생각하므로, 교환하기로 합니다.         "
test_328," #Person1# 은 #Person2# 에게 내년 기숙사 보증금을 내는 데 한 시간이나 걸렸다고 말하고, 그녀는 캠퍼스 밖에서 살 생각을 하고 있으며, 임대료, 공과금, 차가 필요할 것이라고 말한다.                                     "
test_329, #Person1# 은 중고 서점을 둘러보는 것을 즐긴다. #Person2# 는 #Person1# 에게 윌리엄 셰익스피어의 서명이 대략 백만 달러라고 말한다.                                                     
test_330, #Person2# 는 #Person1# 에게 베이징이 맛있는 레스토랑에 와서 중앙에만 테이블을 주문하도록 요청합니다.                                                                  
test_331, #Person1# 은 #Person2# 의 아들이 편지를 받게 하고 싶어합니다. 그들은 시계의 가치만큼 보험을 들어야 합니다.                                                              
test_332,  샐리는 톰이 보낸 편지를 읽어달라고 요청합니다. 그들은 곧 만나는 것을 기대하기로 합니다.                                                                 
test_333, #Person2# 는 #Person1# 에게 컴퓨터로 과제를 해야 하는데 어려움을 겪고 있다고 말합니다.                                                                          
test_334, #Person1# 과 #Person2# 는 이번 주말에 소풍을 가기로 결정했습니다.                                                                                
test_335, #Person2# 는 컴퓨터에 대한 일반적인 정보를 찾고 싶어합니다.                                                                                  
test_336," #Person1# 은 #Person2# 에게 프렌치 가든 레스토랑으로 오라고 요청하고, 웨이트리스가 곧 찾아갈 것입니다.                                                               "
test_337, #Person2# 는 #Person1# 의 도움으로 레모네이드와 베이비 백 립을 주문했습니다.                                                                         
test_338, #Person1# 은 #Person2# 에게 저녁식사와 디저트 주문을 요청합니다.                                                                                
test_339, #Person1# 은 에릭에게 세계 여행을 위한 티켓을 두 장 사겠다고 말한다. #Person2# 는 #Person1# 에게 그녀를 데이트에 초대할 것이다.                                                          
test_340,  잭이 새 강아지 사진을 보여주고 새로운 아기의 사진만 자랑하는 줄 알았다고 말한다.                                                                         
test_341," #Person1# 은 톰에게 새 자전거를 사줬지만, #Person2# 는 버스보다 훨씬 예의 바르기 때문에 #Person1# 에게 교통체증을 걱정하고 있다.                                                        "
test_342, #Person2# 는 치마를 찾고 있습니다. #Person1# 은 #Person2# 의 피부 톤이 잘 어울린다고 생각하고 400달러를 추천하였다.                                                             
test_343, #Person2# 는 #Person1# 에게 #Person2# 의 도시가 석탄이 발견되어 있는 큰 산업들에 위치하게 되었다고 말합니다.                                                               
test_344," #Person1# 은 세계 지도자들이 모여서 행동 계획에 동의할 수 있기를 바랍니다. #Person2# 는 #Person1# 에게 대기 오염 문제를 해결하라고 조언하지만, 선진국 국가들은 환경 보호보다 경제 발전에 더 많은 중점을 가지고 있다고 말하며, 숲에 대한 장기적인 피해에 대해 생각하지 않는다고 합니다. "
test_345,"  데니스는 #Person1# 에게 채팅방에서 사람들과 많은 시간을 보내고 있다고 말합니다. #Person2# 는 그녀가 꿈에 그리던 여자친구라고 말하지 않았지만, 그 사람이 이상적인 여성으로 생각하는 것을 알고 싶어하기 때문에 조언을 구하려고 합니다.                   "
test_346," #Person1# 은 네이선에게 시카고로 연습하러 갈 준비가 된 것 같다고 말하고, #Person2# 는 여름이 너무 설레고 큰 도시에서 일하는 것에 대해 걱정하지 말라고 말한다.                                              "
test_347," #Person1# 은 3일 동안 토요타 캐롤라를 빌리고 싶어합니다. #Person2# 는 #Person1# 에게 검은색과 빨간색 차를 선택하라고 요청하고, 차 키는 3째 날 정오에 반납해야 합니다.                                         "
test_348, #Person2# 는 #Person1# 에게 다음 주에 뉴욕에 가서 사업 계약을 체결하고 그곳에서 브로드웨이로 걸어가서 영화나 드라마를 볼 수 있다고 말합니다.                                                    
test_349, #Person1# 은 #Person2# 에게 필름을 현상해 달라고 요청합니다.                                                                                 
test_350," #Person1# 은 청두행 CA216 비행기가 지연되었다는 안내를 들었습니다. #Person2# 는 곧 날씨에 변화가 있을 것이라고 말하고, 정오 전에 비가 그칠 가능성이 있는지 물어본다.                                    "
test_351, #Person1# 은 #Person2# 에게 지도에서 베이징 대학교가 어디에 있는지 알려달라고 요청합니다.                                                                        
test_352, #Person2# 는 평소처럼 나쁜 소식이 많아서 #Person1# 에게 일기 예보에 대해 묻습니다.                                                                         
test_353, #Person1# 은 컴퓨터 게임을 싫어하지만 #Person2# 는 많은 게임들이 괜찮다고 생각한다.                                                                              
test_354," #Person1# 은 짐에게 저녁 식사 후에 맥주를 마시자고 제안한다. 짐은 #Person1# 에게 그들이 운동장에 가서 노래를 부르고 친구들을 만나는 것을 좋아하지 않는다고 말하고, 메리와 샐리가 종종 그곳에서 탁구를 친다고 들었다.                        "
test_355, #Person2# 는 #Person1# 에게 닭발을 주문하고 맥주나 와인 중에 하우스 레드를 주문한다.                                                                         
test_356, #Person1# 과 #Person2# 는 안내 경험에 대해 이야기하고 있습니다.                                                                                 
test_357, #Person1# 은 잭에게 예약이 접수되었다고 알려줍니다.                                                                                  
test_358,"  마크는 어제 밤에 딸을 낳았고, 그의 아내와 딸이 잘 지내고 있다고 말했다. 그들은 내일 올 수 있을지에 대해 논의한다.                                                      "
test_359," #Person1# 은 #Person2# 에게 내일 밤에 극장에 가자고 제안하지만, 남편이 좋아하지 않을 것 같다고 말한다.                                                                   "
test_360," #Person1# 과 #Person2# 는 핫도그에 대해 이야기하고 있습니다. 그들은 야구 경기를 보기 좋은 장소이며, #Person1# 은 미국인들의 가장 좋아하는 여가 활동인지를 다시 상기시켜준다.                                      "
test_361, #Person2# 는 #Person1# 에게 감사 인사를 전합니다.                                                                                       
test_362, #Person2# 는 #Person1# 에게 #Person2# 의 나라에서 천연자원을 수출하고 있다고 말합니다. 그들은 이웃 국가들로부터 약간의 철과 많은 알루미[UNK]을 활용하며 최근에 귀중한 돌을 발견했기 때문에 돈 낭비를 투자하는 것이 좋다고 합니다.                  
test_363, #Person2# 는 #Person1# 에게 예술 전시회를 가는 것을 좋아한다고 말합니다. 그들은 내일 국립 갤러리와 로마나 그리스에 가려고 합니다.                                                       
test_364," #Person2# 는 책을 반납하고 싶어합니다. #Person1# 은 도서관 카드를 가지고 있고, 비디오를 손상시키면 벌금을 내야 합니다.                                                           "
test_365, #Person2# 는 #Person1# 에게 볼링 게임에 대한 몇 가지 질문을 합니다.                                                                                  
test_366, #Person2# 는 #Person1# 에게 전화로 상담 서비스를 이용할 수 있도록 도와줍니다.                                                                            
test_367, #Person1# 은 #Person2# 에게 짐을 둘 곳이 필요하다고 말합니다. #Person1# 는 보증금을 남기는 것만으로 충분하지 않다고 생각하고 체크아웃을 하고 싶지만 너무 오래 생각해야 합니다.                                           
test_368, #Person1# 은 #Person2# 에게 어른 두 명과 아이 한 명을 뷔페에 초대합니다. 그들은 콜라나 주스 같은 음료에 추가 요금을 내야 합니다.                                                        
test_369," #Person2# 는 #Person1# 에게 해외에서 공부하는 모든 사람을 대상으로 해외 유학 대출을 제공하고, #Person2# 의 부모님이 정책에 따르면 대출자는 예를 들어서 개인 대출에 대한 정보를 얻고 싶다고 말합니다.                                    "
test_370, #Person2# 는 #Person1# 에게 영어 노래가 천만이라고 말합니다.                                                                                   
test_371, #Person1# 은 #Person2# 에게 인상적인 글쓰기 경험을 가지고 있다고 말합니다.                                                                            
test_372,"  잭은 면접 결과를 적극적으로 물어보는 것이 최선이라고 생각한다. #Person1# 은 #Person2# 에게 문의서가 너무 길면 고용주가 읽을 시간이 없을 수도 있다고 생각하므로, 그 후에는 주의를 기울여야 한다.                              "
test_373," #Person1# 은 #Person2# 에게 자신의 집을 둘러보라고 요청합니다. 그들은 #Person1# 에게 약 46제곱미터 정도의 나무를 매달린 것이 옥수수 이삭이라고 말하고, 겨울에 여가 시간에 집의 풍요로움을 보여줄 수 있습니다                          "
test_374," #Person1# 은 40분 후에 호텔에서 체크아웃할 예정입니다. #Person2# 는 #Person1# 에게 보증금을 납부하고 보관소에 수하물을 맡길 수 있다고 말하며, 그들은 신용카드를 원하는 것을 잊지 않을 것이라고 말합니다                           "
test_375,"  브랜든은 새로운 웹사이트인데 무료로 글쓰기 기술을 향상시켜준다. #Person1# 은 #Person2# 에게 신용카드 정보를 입력하라고 조언한다. 그들은 그것이 수상하다고 생각하고, 그곳에서 신뢰하지 못하는 이유를 설명해 준다.                        "
test_376," #Person2# 는 #Person1# 에게 교장이 새로운 실험실 건물을 지을 것이라고 말하고, #Person2# 의 새로운 건물은 가르치는 데 필요한 것을 충족시키지 못한다고 말합니다.                                                 "
test_377," #Person1# 은 은행에서 준 신용카드를 가지고 다니게 된 것이 기쁘다고 생각합니다. 케이트는 #Person1# 에게 돈을 갚도록 요구하라고 조언하고, 헨리는 은행이 카드로 얼마나 쓸 수 있게 허용했는지에 대해 설명하기로 합니다.                           "
test_378,  스미스씨는 내일 계획된 마을 방문에 대해 이야기하고 있습니다. #Person1# 은 상당히 멀리 가야 하기 때문에 조금 일찍 일어나야 할 것 같다고 말합니다                                                     
test_379," #Person1# 은 벳에게 아기를 가지게 되면서 목표나 꿈을 이루는 데 방해가 된 적이 있는지 묻습니다. #Person2# 는 #Person1# 에게 그녀가 자신을 바라보고 존경하는 모습을 사랑한다고 말하고, 그들은 가장 좋아하는 것 중에서 미치고 싶어하기 때문에 미래의 일을 시작할 것이라고 말합니다 "
test_380, #Person2# 는 #Person1# 에게 9년 동안 우표 수집에 관심을 가지게 되었다고 말합니다.                                                                           
test_381," #Person1# 은 톰에게 친환경 제품을 판매하는 회사의 관리자로서 자신만의 회사를 가지고 싶다고 말합니다. 그들은 그녀의 부모님들이 매우 성공한 사업가라고 생각하고, #Person2# 는 그것이 협력적이었다고 느낀다.                           "
test_382," #Person1# 은 니스든의 보행자 지하도에서 발견된 40대로 추정되는 한 남자의 죽음을 살인으로 다루고 있습니다. 그들은 그녀의 경찰에 대해 이야기하고, #Person2# 는 그에게 그가 그곳을 방문하는 것을 제안하며, 북순환로 아랫집의 레벨 원 클럽의 남성 두부 손상이었 "
test_383,"  밥은 셰리에게 내년 여름에 퀘벡을 방문할 것이라고 말한다. #Person1# 은 #Person2# 에게 그곳에 가면서 몇 가지 관광도 하려고 한다고 말하고, 친구의 결혼식은 몬트리올에서 머물 예정이다.                                    "
test_384, #Person1# 은 톰에게 학생 센터에서 수영하러 가자고 제안한다. 그들은 그녀의 시간을 낭비하지 않을 것이다.                                                          
test_385, #Person1# 은 #Person2# 에게 등에 통증이 있는 것이 믿기지 않는다고 말한다.                                                                         
test_386,  프레드는 휴대폰이 또 먹통이 되었다. #Person1# 은 #Person2# 에게 돈을 빌려달라고 요청한다.                                                                 
test_387," #Person1# 은 글씨를 개선하고 싶어서 몇 주 동안 연습해봤지만 아무런 변화가 없습니다. #Person2# 는 #Person1# 에게 인내심을 가져야 한다고 말하며, 더 오래 더 나아질수록 좋다고 말합니다                                     "
test_388, #Person1# 은 #Person2# 에게 속눈썹을 집고 있다고 말한다.                                                                                
test_389," #Person2# 는 운전 수업에 대해 알고 싶어합니다. #Person1# 은 #Person2# 에게 주말 수업이 있다고 말하고, 코치들을 보유하는 데 도움을 준다.                                                      "
test_390,  티나는 8년 동안 피아노를 배우고 있다. #Person1# 은 #Person2# 에게 그 선생님에게 소개해달라고 요청한다.                                                              
test_391," #Person2# 는 #Person1# 에게 이력서를 보면 많은 경력이 있다고 말하고, #Person2# 의 작업에서 약점이 될 수 있는 것이 무엇이라고 생각하는지 물어봅니다.                                               "
test_392,  스테파니는 젠킨스 선생님이 다음 주 월요일 회의에 필요한 보고서를 제출해야 한다고 말한다. #Person1# 은 그것을 도와줄 것이다.                                                      
test_393, #Person1# 과 #Person2# 는 크리스마스 파티에 참석하고 싶어한다. #Person1# 은 바바라가 새해 전야에 파티를 초대했다.                                                         
test_394, #Person1# 은 #Person2# 에게 주말에 친구를 만나러 갔다가 댄스 파티에 갔다고 말한다.                                                                        
test_395, #Person1# 은 50달러를 빌리고 싶지만 #Person2# 는 일자리가 없기 때문에 #Person1# 에게 고용 사무소에 가고 있다고 말한다. 그들은 그에게 행운을 가져다 줄 것이다.                                         
test_396, #Person1# 은 식당에서 모든 손님들이 재킷과 넥타이를 착용하도록 하고 있습니다. #Person2# 는 회의 시간을 9시 30분으로 미루기로 합니다.                                                
test_397," #Person1# 과 #Person2# 는 아이들이 휴가 캠프를 즐겼는지에 대해 이야기하고 있습니다. #Person1# 은 에든버러의 성의 역사를 정말로 생생하게 살려냈으며, 마지막 날 파티에 등반했다고 말합니다                                   "
test_398," #Person1# 은 #Person2# 에게 대학 입학 요건에 대해 질문하고, 컴퓨터 프로그래밍 쪽으로 진출하는 데 도움을 줄 수 있다고 말한다.                                                         "
test_399," #Person1# 은 클라크 교수님과 통화하고 있습니다. #Person2# 는 뇌진탕이 있지만 괜찮을 것 같다고 생각하며, #Person1# 이 이번 주만 쉬면 될 것이라고 말합니다                                              "
test_400," #Person1# 은 세입자 지원 센터에게 집주인과 문제가 있다고 말합니다. #Person2# 는 수리 비용에 대해 합의를 이루지 못하고 있고, 록 앤 롤 밴드까지 있었고 이웃들이 소음에 대한 불평을 했다고 합니다.                           "
test_401, #Person1# 은 터너 인테리어에서 온 수출용 L / C를 수령하는 데 도움을 줍니다.                                                                
test_402, #Person1# 은 찰리에게 지갑을 잃어버렸다고 말하고 핫도그를 사러 가자고 제안한다.                                                                 
test_403, #Person1# 과 #Person2# 는 설거지를 하고 있습니다.                                                                                 
test_404," #Person1# 은 #Person2# 에게 자신을 사랑하지 않는다면 괜찮다고 말하고, 그들은 서로를 사랑한다고 생각한다.                                                                 "
test_405, #Person1# 과 #Person2# 는 사회 문제에 대해 이야기하고 있습니다.                                                                               
test_406," #Person1# 은 화려한 복장 파티에 참석하기 위한 준비물을 구하고 싶어합니다. #Person2# 는 캐나다 경찰에게 함께 쇼핑하러 가자고 제안하지만, #Person1# 는 그것이 쉽다고 생각하며, 카우마는 그곳으로 가기로 합니다.                         "
test_407," #Person2# 는 #Person1# 에게 베이징의 야간 생활을 추천하고, 댄스홀이 멋지고 음악도 훌륭하다고 말합니다. 밴드 이름은 'Four and 앤롤을 가장 좋아하는 춤이며, 디스코를 춰보기로 합니다.                    "
test_408," #Person1# 은 자신만의 농장을 가지고 싶어한다. #Person2# 는 #Person1# 에게 자신을 건강하게 만들어 줄 것이라고 말하고, 그들은 삼촌과 함께 시골에서 일하는 것을 좋아한다고 말했다.                                     "
test_409, #Person1# 은 #Person2# 에게 하이네켄과 버드와이저를 사달라고 요청합니다.                                                                        
test_410,"  메리는 어제 밤에 앤과 큰 싸움을 했다. 그들은 그녀의 우정을 전혀 신경 쓰지 않는다고 말했지만, 그는 남자친구가 하는 모든 것을 따라해야 한다고 생각한다.                                        "
test_411, #Person2# 는 #Person1# 에게 1층에 있는 외국산 담배를 모두 판매하고 있다고 말합니다.                                                                      
test_412,"  캐서린은 #Person1# 에게 '패스트 푸드 네이션'이라는 영화를 본 적이 있는지 묻습니다. #Person2# 는 미국에서 맥도날드, KFC, 피자헛을 찾을 수 있으며, 미국인들이 가장 좋아하는 음식이 햄버거라고 말하며, 사람들은 그것이 건강에 좋은지 아닌지에 대해 논의하지 않는다. "
test_413," #Person1# 은 #Person2# 에게 승객들이 내릴 때까지 탑승할 수 없다고 말합니다. 그들은 버스가 파크 애비뉴를 따라가는 것을 잊어버렸지만, 이 버스는 워싱턴 스퀘어파크로 가는 길이다.                             "
test_414," #Person1# 은 9-11 테러 공격 당시에 베이징의 아파트에 있었습니다. #Person2# 는 #Person1# 에게 그녀의 부모님 집에서 모든 상황을 보았다고 말하고, 그들은 모든 버스가 운행을 중단하며 지하철 열차가 멈춰서 그것이 끔찍했을 것이라고 말했다.              "
test_415,"  칼은 옆집으로 이사 왔고, 그들은 이웃과 사이가 좋기를 원했습니다.                                                                      "
test_416," #Person1# 은 삶은 계란과 토스트, 오렌지 주스를 주문하고, #Person2# 는 #Person1# 에게 연하게 삶아달라고 요청합니다.                                               "
test_417,"  스티븐은 피곤해서 침대에 들어갈 것이고, #Person1# 은 가계 예산을 살펴보고 싶어한다. #Person2# 는 오늘 밤에 지하실 문을 닫아달라고 한다.                                    "
test_418, #Person1# 은 제인에게 다음 주 월요일 오후 세 시쯤 만나자고 제안한다.                                                                
test_419," #Person2# 는 여자친구에게 줄 좋은 선물을 찾고 있습니다. #Person1# 은 #Person2# 에게 그들의 선물로 보석을 사달라고 요청하고, 그것이 보라색보석이라는 것을 알게 된다.                            "
test_420," #Person1# 은 새 차를 찾고 있습니다. #Person2# 는 핀토를 매입하고 싶어하며, 포드 포커스와 연말 사이드 에어백, 파워 스티어링, 윈도우, 자동 또는 수동 변속기 중에 선택할 수 있는 차량에 대해 이야기합니다        "
test_421," #Person1# 은 애플 코퍼레이션에 전화를 걸어 발람씨와 통화할 수 있는지 묻습니다. #Person2# 는 월요일에 정규직으로 전환하고 월급을 5,00, 위안을 받고 싶어합니다, #Person1# 는 가족을 부양하기 위해 월 4,3060원을 지급할 것입니다 "
test_422," #Person2# 는 #Person1# 에게 혜택 등에 대해 묻습니다. 그들은 모든 문제를 해결할 수 있을 것이라고 말하고, 이 네트워크 결제 서비스에 가입하면 그의 내부 계정이 혼란스럽다고 말합니다                       "
test_423, #Person1# 은 저녁에 남은 것이 없어서 간식을 먹으러 갈 예정이다. #Person2# 는 #Person1# 에게 피넛버터와 젤리 샌드위치를 만들라고 제안한다.                                          
test_424, #Person2# 는 #Person1# 에게 피를 뽑고 왼쪽 소매를 올리라고 요청합니다.                                                              
test_425,"  셀러 씨는 스티븐에게 전기가 나갔다고 말합니다. #Person1# 은 #Person2# 에게 퓨즈를 풀어서 좋은 것으로 교체하라고 제안하고, 지하에 있는 선반에서 찾을 수 있을 것이라고 말하며, 시도해보겠다고 합니다.         "
test_426, #Person1# 은 #Person2# 에게 빌린 집 주인이 코너스 씨에 대한 문제를 해결하도록 요청합니다. 그들은 내일 밤 8시에 그녀를 만나기로 합니다.                                        
test_427," #Person1# 은 #Person2# 에게 에어컨이 작동하지 않는다고 말합니다. 그들은 전기 배선을 고치라고 요청할 수도 있을 것이라고 말하고, 프랭크가 어제 외부의 배수로가 막혀서 주차장이 침수되었다는 것을 알게 되었다.          "
test_428, #Person2# 는 #Person1# 에게 대출금을 갚을 수 있는 일자리를 찾고 있다고 말한다.                                                           
test_429, #Person2# 는 #Person1# 에게 사장님과의 관계에 대해 묻습니다.                                                                   
test_430,  탕 씨는 #Person1# 에게 투어 가이드 자격증을 가지고 왔다고 말합니다.                                                             
test_431, #Person2# 는 #Person1# 에게 금 시계를 보여주고 가격이 적당하다고 말합니다.                                                              
test_432,  톰이 사라씨에게 식사 시간에 전화를 걸었다고 말합니다. #Person1# 은 마리아가 고열이 나서 곧 병원에 데려가려고 합니다.                                            
test_433,  에이미는 #Person1# 에게 1998년에 대학을 졸업하고 처음으로 일한 곳은 총괄 관리자의 비서였다고 말합니다.                                               
test_434," #Person1# 은 앤드류에게 자신의 머리가 마음에 드는 이유를 물어보고, 그녀는 다이어트를 시작하기 전에 스팸푸드에 가입했다고 말했다. #Person2# 는 #Person1# 에게 팸프류를 요청한다.                        "
test_435,"  손더스씨는 브라운 대학의 인상적인 성적 평균이 언급되어 있고, #Person1# 은 #Person2# 에게 다른 스포츠를 하는지 물어봅니다.                                       "
test_436," #Person1# 은 택시를 타고 기차역으로 가고 싶어합니다. #Person2# 는 #Person1# 에게 천천히 조심해서 운전하라고 요청하고,                                                  "
test_437, #Person1# 은 브라이언에게 캘리포니아에 가본 적이 있는지 묻습니다.                                                          
test_438," #Person2# 는 #Person1# 에게 연간 건강검진을 받으러 오고, 혈당, 백혈구 수치를 확인하는 데 도움을 준다.                                                "
test_439, #Person1# 과 #Person2# 는 세계 일주를 하고 싶어한다. #Person1# 은 그들이 복권에 당첨될 가능성이 없다고 생각하기 때문에 안 갈 것이다.                                         
test_440," #Person1# 은 #Person2# 에게 자신의 인생 전부가 있고 모험이 기다리고 있다고 말한다. 그들은 결혼 직전에 에이미를 떠날 수 없다고 생각하고, 그녀가 사랑하는 여자이자 네가 꿈꾸는 것이라고 말하며, 왜 그런 일을 끝내려고 하는지 묻는다.      "
test_441, #Person2# 는 #Person1# 에게 #Person2# 의 명함을 인쇄하는 데 도움을 청한다.                                                              
test_442," #Person1# 은 브라이언에게 비행기가 8시 30분에 출발하기 때문에 6시에 집으로 데리러 갈 것이라고 말한다. #Person2# 는 #Person1# 에게 회의가 정오에 시작한다고 말하고, 오늘의 일을 시작하겠다고 한다.                    "
test_443,"  폴은 목요일에 집에서 추수감사절 저녁을 먹을 예정이다. 그들은 #Person1# 의 부모님이 핀란드에 가신다고 해서 혼자 보내야 할 것 같아서 걱정하고 있고, 그녀는 그에게 호박을 가져갈 것을 제안한다.              "
test_444, #Person1# 은 수잔에게 이번 주말에 대학에 면접을 보러 올 예정이라고 말한다. 존은 그녀를 낮에 돌봐주고 저녁에 저녁 식사를 함께 할 수 있을 것이다.                                     
test_445,"  벤은 매주 토요일마다 3시간 동안 텔레비전 앞에서 야구를 보고 있다. 꽃꽂이는 가격이 너무 비싸다고 생각한다. #Person1# 은 이것이 감당할 수 있을지 모르겠다고 생각하고, #Person2# 는 이것을 시도해보기로 한다.             "
test_446," #Person1# 은 오늘 저녁에 모두가 피자 체험에 가서 식사하자고 제안하지만, #Person2# 는 브리짓은 고기를 안 먹기 때문에 킹피셔를 가기로 결정했다.                                    "
test_447,"  진은 보스턴에 살았고 대중교통을 이용하면 어디든지 쉽게 갈 수 있습니다. #Person1# 은 로스앤젤레스에서 일할 예정이며, #Person2# 는 운전 면허 시험을 위해 차를 사려고 계획하고 있으며, 그 이유 때문에 사는 것은 아니지만 멋진 차이다. "
test_448, #Person1# 은 #Person2# 가 갈색 케이스에 있는 다른 펜을 볼 수 있도록 도와줍니다.                                                                           
test_449," #Person2# 는 #Person1# 에게 회사의 기금 모금 행사가 잘 진행되었다고 말합니다. 그들은 모든 사람들이 즐거운 시간을 보냈기 때문에 #Person2# 의 회사를 향상시키는 것을 제안하고, 마라톤 경기에 참가한 선수들의 입장료를 지불한 것에 동의하며, 그 후원자를 구하기 위해 집집마다 돌아다녔 "
test_450," #Person1# 은 피크 트램까지 어떻게 가는지 퀸스 로드를 따라가고, #Person2# 는 #Person1# 에게 다음 신호등에서 길을 건너라고 말합니다.                                                        "
test_451, #Person2# 는 #Person1# 에게 전통적인 중국 예술과 공예품을 보여주고 샌들우드 부채를 추천합니다.                                                                   
test_452, #Person2# 는 #Person1# 에게 회사의 영향을 미치는 주요 외부 요인이라고 말합니다.                                                                          
test_453, #Person2# 는 #Person1# 에게 주제를 다루기 위해 모두 다시 모였으면 좋겠다고 말합니다.                                                                          
test_454, #Person2# 는 #Person1# 에게 짧은 투어를 추천하고 강을 따라가는 하루짜리 여행을 가지고 있다고 말합니다.                                                                    
test_455," #Person1# 은 소고기 버거, 프렌치 프라이, 밀크 셰이크, 바나나 맛을 원합니다.                                                                     "
test_456," #Person1# 과 #Person2# 는 등 축제에 대해 이야기하고 있습니다. #Person1# 은 중국어 글자를 읽을 줄 모른다고 생각하지만, 그것들은 중국에서 퍼즐을 풀어보는 것이 전통적이라고 생각합니다, 그들이 다른 것을 해야 할 것 같다고 합니다.                           "
test_457,  티나는 ABC 컴퍼니와의 첫 두 라운드 면접에 성공적으로 통과했다. #Person1# 은 오늘 저녁에 축하 파티를 하자고 제안한다.                                                       
test_458,  팀이 카렌에게 이야기할 수 있어서 좋았다고 말한다.                                                                                 
test_459," #Person2# 는 #Person1# 에게 몇 가지 문구를 준비해야 한다고 말합니다. 그들은 책상에 달력을 원할 수도 있으며, 몇 장의 사본을 만들어야 하며, 복사기는 사무실 근처에서 일하는 것을 즐긴다.                                    "
test_460, #Person2# 는 #Person1# 에게 목욕을 하려고 하는데 버튼이 너무 많아서 어떻게 사용하는지 알려달라고 요청합니다.                                                                   
test_461, #Person1# 은 베스트셀러의 첫 번째 복도에 있는 책들을 #Person2# 에게 소개합니다.                                                                          
test_462, #Person2# 는 #Person1# 에게 #Person2# 의 친구에게 읽는 법을 가르쳐주는 것을 제안한다.                                                                         
test_463, #Person1# 은 #Person2# 의 티켓 예약을 도와줍니다.                                                                                       
test_464," #Person1# 은 #Person2# 에게 냉동 피자를 오븐에 넣는 것을 제안합니다. #Person1# 는 건강한 음식을 만드는 법을 가르쳐주고, 채소를 씻은 다음 볶음용 팬을 데워야 합니다.                                            "
test_465, #Person2# 는 #Person1# 에게 부스에 있는 두 대의 전화기가 달라서 어떻게 사용하는지 알려줍니다.                                                                        
test_467, #Person1# 은 톰에게 중고 물품을 사는 것에 대해 묻는다.                                                                                
test_468,"  모건은 중국 사람들이 식당에서 남은 음식을 포장하는 것이 그리 흔하지 않다고 생각한다. #Person1# 은 #Person2# 에게 중국의 전통이라고 말하고, 과거에는 가족이 외식을 즐길 필요가 없었기 때문이다.                                  "
test_469,"  해리는 중국의 거리 시장에서 폭리꾼들로 가득 찬 끔찍한 장소이며, #Person1# 은 흥정을 통해 삼십만 원에 살 수 있었다고 말했습니다. #Person2# 는 동정심을 보이지 않는 과정이라고 생각하고, 중국 동료들이 그 가방을 너무 비싸게 산 것을 발견했기 때문에 화가 나 있다고 생각합니다 "
test_470, #Person2# 는 #Person1# 에게 회사의 직원들이 영어를 능숙하게 구사해야 한다고 말합니다.                                                                          
test_471," #Person2# 는 #Person1# 에게 새로운 계좌를 개설하는 데 도움을 청하고, #Person2# 의 비서가 이것들을 빠르게 확인한 후 다음 단계로 넘어갈 것이라고 말합니다.                                                    "
test_472, #Person2# 는 #Person1# 에게 특별 할인 쿠폰을 받을 수 있다고 말합니다.                                                                                
test_473,  스티브는 쟈니가 청소하는 것을 도와줘서 고마워한다.                                                                                 
test_474,"  스미스는 기차 표를 잃어버렸습니다. #Person1# 은 #Person2# 에게 상하이로 가는 방법을 알려주고 좌석을 예약하는 데 도움을 청하고 여행 방식에 따라 다르다고 말하며, 그녀는 지갑을 구입하기로 합니다.                              "
test_475,  앤은 미국으로 돌아온 것을 환영하고 있다. #Person1# 은 #Person2# 에게 항공 웰빙 프로그램을 해보라고 제안한다.                                                           
test_476,"  메리는 톰에게 존의 파티에 가자고 제안한다. 그들은 일자리를 찾았지만, 그 이유는 그것이 흥미로울 것이라고 생각하므로, 그것들이 6월 말이나 9월 초까지 일할 계획이다.                                "
test_477,  해리는 방금 길을 건너다가 차에 치일 뻔했다. #Person1# 은 경찰에게 처벌을 받아야 한다고 생각한다.                                                                
test_478,"  이 프로그램은 자전거 상점을 인수하고 설립한 스티븐 케인씨를 모았고, 레이싱 자전거를 타고 수리하는 것을 좋아했습니다. #Person1# 은 은행에서 전문 판매원으로 일하면서는 취미를 즐길 시간이 거의 없었기 때문에 일찍 퇴근할 수 있을 때까지 기다렸다고 말하며, 사장이 되고 "
test_479, #Person1# 과 #Person2# 는 중년 부부에 대해 이야기하고 있습니다.                                                                                 
test_480," #Person2# 는 #Person1# 에게 식사를 마무리하는 디저트, 사과 크리스프, 그리고 커피 네 잔을 주문하도록 도와줍니다.                                                                "
test_481," #Person1# 은 #Person2# 에게 25센트짜리 동전을 던져서 계획을 세우라고 요청한다. 그들은 #Person1# 에게 스테레오를 가져가는 것을 제안하고, 스피커를 책상 위에 놓을 수 있도록 도와주기로 한다.                           "
test_482,"  머레이 씨는 도서관 카드를 발급받고 싶어합니다. #Person1# 은 #Person2# 에게 운전 면허증을 보여주고, 그들은 도서관에 가입하도록 요청하고 있다.                                            "
test_483," #Person2# 는 #Person1# 에게 전형적인 9시부터 5시까지 일하는 직장인이라고 말합니다. 그들은 휴식 시간이 있지만, 상사는 커피를 마시면서 쉬는 시간을 가지면 짜증을 낸다.                                "
test_484," #Person1# 은 #Person2# 에게 기계에 동전을 넣는 방법을 알려주고, #Person1# 의 엄마는 옷을 사는 데 도움을 줍니다.                                                       "
test_485," #Person1# 은 #Person2# 에게 새로운 일이 있는지 물어보고, 그들은 오늘 밤에 전화할 것이다.                                                               "
test_486,  케이티는 항상 일할 준비가 되어 있지만 몇 번이나 늦게 도착했다. #Person1# 은 #Person2# 에게 기꺼이 도와주지 않아도 다른 일들을 하길 기대하라고 말한다.                                         
test_487," #Person1# 은 다음 주에 할아버지 생신이라 깜짝 파티를 하고 싶어합니다. #Person2# 는 #Person1# 에게 토요일 파티에서 하자고 제안하고, 저녁은 샐러드를 만들기로 합니다.                                       "
test_488,"  루카 도나텔리는 회사에 속해 있지 않습니다. #Person1# 은 핀란드 출신이며, 이탈리아 서비스 제공업체에서 일하는 사람을 소개하기로 합니다.                                      "
test_489,"  캐시는 #Person1# 에게 시골이 시끄러울 줄 몰랐다고 말하고, #Person2# 는 새들의 울음소리 때문이라고 말한다. 그들은 대부분 나무 위에 있는 것 같다.                                       "
test_490," #Person1# 은 대니스에서 칠면조 샌드위치를 주문하고, #Person2# 는 채소가 들어간 소고기 스프와 다이어트 콜라를 선택합니다.                                                      "
test_491," #Person1# 은 제임스에게 TV를 보고 있는지 물어보고, #Person2# 는 카메라를 사용하는 것을 선호하지만 너무 무거워서 가볍게 여행하고 싶어한다.                                          "
test_492,  테드는 올해 휴가를 어디로 갈지 아직 결정하지 못했다. #Person1# 은 그녀와 함께 가는 것을 제안한다.                                                          
test_493," #Person1# 은 헬렌 아주머니를 영화관에 데려가고, #Person2# 는 흥미로운 영화를 보고 맥도날드에 가기로 결정했다.                                                   "
test_494, #Person2# 는 #Person1# 에게 어제 밤에 집이 털렸고 도둑들이 모든 가구를 훔쳐 갔다고 말합니다.                                                             
test_495,  찰리는 비디오 게임을 하고 싶어한다. 잭은 #Person1# 에게 캐릭터를 입고 행동하는 방법을 알려준다.                                                      
test_496," #Person2# 는 컨트리 음악에 관심을 가지게 되었습니다. #Person1# 은 #Person2# 의 아내에게 자신의 도서관을 만들기 시작하고, 레코드를 더 많이 사고 있다는 것을 발견했다고 말하며, 그들은 도서관에 달려가는 것에 지쳤다고 생각합니다                 "
test_497,"  앨리스는 #Person1# 에게 기계를 어떻게 사용하는지 알려달라고 요청하고, 비누가 없다고 말합니다. #Person2# 는 옷을 깨끗하게 하고 싶어하며, 엄마가 아이들이 빨아준 것을 발견하여 캠퍼스에서 빨 수 있다고 생각하지만, 그것이 너무 많은 거품이 많다고 느낀다. "
test_498,"  스티브는 집을 찾고 있고, 그녀의 딸이 아기를 가지게 되기 때문에 아파트를 갱신하고 싶지 않다고 말한다. #Person1# 은 #Person2# 에게 다우 부인에게 전화를 걸어달라고 요청하면서, 아파트가 바뀌길 바란다.                   "
test_499, #Person1# 은 벳시에게 프랭크의 가족과의 시간을 너무 많이 잃고 싶지 않다고 말한다. 그들은 토요일에 파티를 할 예정이다.                                                   
